eng-30-09366317-n;n;positive;0.3125;natural_elevation,elevation;-1
eng-30-07961016-n;n;neutral;0.3125;clod,glob,ball,chunk,clump,lump;-1
eng-30-00804695-a;a;positive;0.3125;lively;-1
eng-30-01410363-a;a;neutral;0.3125;dissimilar,unlike,different;-1
eng-30-01052248-a;a;positive;0.3125;fragrant;-1
eng-30-01502507-a;a;neutral;0.3125;membered;-1
eng-30-00249433-a;a;positive;0.3125;bloodless;-1
eng-30-01571363-a;a;negative;0.3125;artificial,unreal;-1
eng-30-02080577-a;a;positive;0.3125;satisfactory;-1
eng-30-00151689-v;v;negative;0.3125;lessen,diminish,decrease,fall;-1
eng-30-01918184-a;a;positive;0.3125;unquestionable;-1
eng-30-00173764-a;a;neutral;0.3125;hearable,audible;-1
eng-30-08374049-n;n;neutral;0.3125;settlement,colony;-1
eng-30-02284096-v;v;negative;0.3125;corrupt,bribe,grease_one's_palms,buy;-1
eng-30-02518161-v;v;neutral;0.3125;behave,deport,carry,comport,acquit,conduct,bear;-1
eng-30-07253637-n;n;negative;0.3125;discouragement;-1
eng-30-00817680-n;n;positive;0.3125;protection;-1
eng-30-01819554-v;v;negative;0.3125;restrain,intimidate;-1
eng-30-01957529-v;v;neutral;0.3125;ride,sit;-1
eng-30-00890100-v;v;positive;0.3125;vouch,guarantee;-1
eng-30-00236989-a;a;neutral;0.3125;one-sided,unilateral;-1
eng-30-01222884-a;a;negative;0.3125;dishonorable,dishonest;-1
eng-30-01476483-v;v;negative;0.3125;obturate,close_up,impede,occlude,obstruct,block,jam;-1
eng-30-02570282-a;a;negative;0.3125;foolish;-1
eng-30-07951464-n;n;neutral;0.3125;collection,aggregation,assemblage,accumulation;-1
eng-30-01970826-v;v;negative;0.3125;come_down,go_down,fall,descend;-1
eng-30-01071198-a;a;positive;0.3125;fresh;-1
eng-30-07450842-n;n;neutral;0.3125;observance,ceremony,ceremonial,ceremonial_occasion;-1
eng-30-01855764-a;a;neutral;0.3125;basic;-1
eng-30-00389406-v;v;negative;0.3125;emaciate,waste,macerate;-1
eng-30-00385791-n;n;neutral;0.3125;division;-1
eng-30-01129920-n;n;negative;0.3125;duty,obligation,responsibility;-1
eng-30-00654885-n;n;positive;0.3125;care,aid,attention,tending;-1
eng-30-00237240-a;a;neutral;0.3125;multilateral,many-sided;-1
eng-30-04860065-n;n;negative;0.3125;cowardliness,cowardice;-1
eng-30-00069879-v;v;negative;0.3125;injure,wound;-1
eng-30-10077593-n;n;positive;0.3125;fan,devotee,buff,lover;-1
eng-30-13285176-n;n;neutral;0.3125;part,portion,share,percentage;-1
eng-30-00792991-a;a;positive;0.3125;subordinate,low-level;-1
eng-30-00224901-v;v;negative;0.3125;weaken;-1
eng-30-01140514-a;a;negative;0.3125;awkward;-1
eng-30-00179311-v;v;neutral;0.3125;take_out,take_away;-1
eng-30-06560254-n;n;neutral;0.3125;answer;-1
eng-30-02131072-a;a;positive;0.3125;sexy;-1
eng-30-02528380-v;v;negative;0.3125;miscarry,go_wrong,fail;-1
eng-30-02374914-a;a;positive;0.3125;sympathetic;-1
eng-30-04866465-n;n;negative;0.3125;irresolution,irresoluteness;-1
eng-30-02229961-s;a;negative;0.3125;menial,lowly,humble;-1
eng-30-00811375-v;v;negative;0.3125;avoid;-1
eng-30-00150287-v;v;positive;0.3125;adjust,conform,adapt;-1
eng-30-03974215-n;n;neutral;0.3125;point;-1
eng-30-07127006-n;n;positive;0.3125;laughter,laugh;-1
eng-30-01343918-a;a;positive;0.3125;interesting;-1
eng-30-00424008-a;a;positive;0.3125;clean,unobjectionable;-1
eng-30-02040652-a;a;neutral;0.3125;round,circular;-1
eng-30-00023244-v;v;negative;0.3125;de-energize,de-energise;-1
eng-30-01784017-a;a;neutral;0.3125;irreligious;-1
eng-30-00419289-a;a;negative;0.3125;dirty,unclean,soiled;-1
eng-30-02872752-n;n;neutral;0.3125;boot;-1
eng-30-01664581-a;a;negative;0.3125;pessimistic;-1
eng-30-02126889-a;a;negative;0.3125;unsettled;-1
eng-30-00749230-a;a;positive;0.3125;easy;-1
eng-30-00220522-n;n;negative;0.3125;slaying,execution,murder;-1
eng-30-08293982-n;n;positive;0.3125;alliance,alignment,coalition,alinement;-1
eng-30-02314275-v;v;negative;0.3125;divest,strip,deprive;-1
eng-30-01400562-a;a;neutral;0.3125;legal;-1
eng-30-01291069-v;v;positive;0.3125;join,conjoin;-1
eng-30-09998101-n;n;negative;0.3125;beguiler,slicker,deceiver,trickster,cheat,cheater;-1
eng-30-01775164-v;v;positive;0.3125;love;-1
eng-30-14285662-n;n;negative;0.3125;injury,trauma,harm,hurt;-1
eng-30-00333829-n;n;negative;0.3125;disturbance;-1
eng-30-00023383-a;a;negative;0.3125;inaccurate;-1
eng-30-07526182-n;n;positive;0.3125;fearlessness,bravery;-1
eng-30-00769092-n;n;negative;0.3125;fraud;-1
eng-30-01579813-v;v;neutral;0.3125;spread_out,spread,unfold,open;-1
eng-30-00795863-v;v;negative;0.3125;disallow,veto,proscribe,prohibit,interdict,forbid,nix;-1
eng-30-01448100-v;v;negative;0.3125;pull,draw,force;-1
eng-30-00219012-n;n;negative;0.3125;kill,putting_to_death,killing;-1
eng-30-02375828-a;a;negative;0.3125;unsympathetic;-1
eng-30-07234230-n;n;negative;0.3125;accusation,accusal;-1
eng-30-01815628-v;v;positive;0.3125;delight,please;-1
eng-30-01129977-a;a;positive;0.3125;good;-1
eng-30-01167817-a;a;negative;0.3125;unhealthful;-1
eng-30-01105620-a;a;neutral;1.0;nonspecific;-1
eng-30-01916229-a;a;negative;0.3125;questionable;-1
eng-30-04690196-n;n;negative;0.3125;ugliness;-1
eng-30-02521353-a;a;negative;0.3125;unvoluntary,involuntary,nonvoluntary;-1
eng-30-02174896-a;a;positive;0.3125;simple;-1
eng-30-07532440-n;n;negative;0.3125;sadness,unhappiness;-1
eng-30-00082241-a;a;negative;0.3125;aggressive;-1
eng-30-00405179-s;a;negative;0.3125;drab,somber,sombre,sober;-1
eng-30-00063652-n;n;positive;0.3125;success;-1
eng-30-01143838-v;v;negative;0.3125;track_down,hunt,run,hunt_down;-1
eng-30-06689297-n;n;positive;0.3125;permission;-1
eng-30-13275847-n;n;neutral;0.3125;cost;-1
eng-30-05139561-n;n;negative;0.3125;worthlessness,ineptitude;-1
eng-30-05388805-n;n;neutral;0.3125;heart,ticker,pump;-1
eng-30-01364008-a;a;negative;0.3125;sorrowful;-1
eng-30-00904046-v;v;negative;0.3125;discharge,exonerate,exculpate,assoil,acquit,clear;-1
eng-30-13932421-n;n;positive;0.3125;acceptance;-1
eng-30-08523483-n;n;neutral;0.3125;centre,eye,center,heart,middle;-1
eng-30-02449430-a;a;negative;0.3125;toxic;-1
eng-30-01619929-v;v;negative;0.3125;destroy,destruct;-1
eng-30-05138208-n;n;positive;0.3125;worth;-1
eng-30-01805889-a;a;negative;0.3125;displeased;-1
eng-30-01871979-v;v;negative;0.3125;push,force;-1
eng-30-02484208-a;a;neutral;0.3125;ascending;-1
eng-30-10016103-n;n;neutral;0.3125;disciple,adherent;-1
eng-30-01974062-v;v;neutral;0.3125;get_up,bring_up,elevate,raise,lift;-1
eng-30-01856929-a;a;neutral;0.3125;incidental,incident;-1
eng-30-01198019-a;a;negative;0.3125;unhelpful;-1
eng-30-00267522-n;n;positive;0.3125;care,maintenance,upkeep;-1
eng-30-02171024-a;a;neutral;0.3125;compound;-1
eng-30-00233335-v;v;negative;0.3125;restrict,confine,throttle,restrain,trammel,limit,bound;-1
eng-30-01410223-v;v;negative;0.3125;strike;-1
eng-30-01583040-a;a;negative;0.3125;neurotic,psychoneurotic;-1
eng-30-01164072-a;a;negative;0.3125;inharmonious,unharmonious;-1
eng-30-01053144-a;a;negative;0.3125;unpleasant-smelling,malodorous,stinky,ill-smelling,malodourous;-1
eng-30-01816431-v;v;positive;0.3125;satisfy,gratify;-1
eng-30-08512259-n;n;neutral;0.3125;bound,boundary,bounds;-1
eng-30-00636574-v;v;neutral;0.3125;deduce,derive,infer,deduct;-1
eng-30-01409581-a;a;neutral;0.3125;similar,like;-1
eng-30-01914930-a;a;neutral;0.3125;quantitative;-1
eng-30-02290998-a;a;positive;0.3125;stable;-1
eng-30-01661914-a;a;negative;0.3125;inopportune;-1
eng-30-05867413-n;n;neutral;0.3125;part,division,section;-1
eng-30-10518602-n;n;neutral;0.3125;religious;-1
eng-30-02580449-a;a;negative;0.3125;worn;-1
eng-30-05809192-n;n;neutral;0.3125;content,mental_object,cognitive_content;-1
eng-30-01163083-a;a;positive;0.3125;harmonious;-1
eng-30-01125429-a;a;negative;0.3125;bad;-1
eng-30-06758225-n;n;negative;0.3125;deception,deceit,misrepresentation;-1
eng-30-14621446-n;n;neutral;0.3125;chemical_group,radical,group;-1
eng-30-13268146-n;n;positive;0.3125;award,prize;-1
eng-30-00309021-a;a;positive;0.3125;careful;-1
eng-30-02068476-a;a;neutral;0.3125;same;-1
eng-30-00471711-v;v;negative;0.3125;eliminate,get_rid_of,do_away_with,extinguish;-1
eng-30-08620061-n;n;neutral;0.3125;point;-1
eng-30-02567519-v;v;negative;0.3125;ravish,rape,outrage,assault,dishonor,violate,dishonour;-1
eng-30-01334398-a;a;positive;0.3125;intelligent;-1
eng-30-00302761-a;a;positive;0.3125;calm;-1
eng-30-01323958-v;v;negative;0.3125;kill;-1
eng-30-01752167-a;a;negative;0.3125;imperfect;-1
eng-30-01806505-v;v;positive;0.3125;charm,enamour,fascinate,catch,trance,becharm,enchant,enamor,entrance,capture,captivate,beguile,bewitch;-1
eng-30-01011725-v;v;positive;0.3125;affirm;-1
eng-30-01532589-v;v;positive;0.3125;clean,make_clean;-1
eng-30-01818235-v;v;positive;0.3125;encourage;-1
eng-30-02321757-v;v;negative;0.3125;steal;-1
eng-30-02679899-v;v;positive;0.3125;uphold,continue,preserve,bear_on,carry_on;-1
eng-30-13968547-n;n;positive;0.3125;order;-1
eng-30-00116463-a;a;positive;0.3125;unangry;-1
eng-30-02341266-a;a;positive;0.3125;superior;-1
eng-30-08322981-n;n;neutral;0.3125;board;-1
eng-30-00988232-a;a;positive;0.3125;lean,thin;-1
eng-30-00939857-v;v;positive;0.3125;clear_up,clarify,elucidate;-1
eng-30-01401854-a;a;neutral;0.3125;illegal;-1
eng-30-00800930-v;v;negative;0.3125;dismiss,brush_off,brush_aside,ignore,discount,push_aside,disregard;-1
eng-30-01595596-a;a;negative;0.3125;abnormal,unnatural;-1
eng-30-00599821-a;a;negative;0.3125;uncontrolled;-1
eng-30-05116953-n;n;negative;0.3125;scarceness,scarcity;-1
eng-30-00081671-a;a;positive;0.3125;fearless,unafraid;-1
eng-30-05115040-n;n;positive;0.3125;abundance,copiousness,teemingness;-1
eng-30-01282014-a;a;positive;0.3125;impressive;-1
eng-30-00920881-a;a;negative;0.3125;unexcited;-1
eng-30-01993843-a;a;negative;0.3125;unrespectable;-1
eng-30-02564986-a;a;positive;0.3125;willing;-1
eng-30-02584699-a;a;positive;0.3125;new;-1
eng-30-00299580-v;v;positive;0.3125;accommodate,adapt;-1
eng-30-02000968-s;a;negative;0.3125;extravagant,excessive,overweening,exuberant;-1
eng-30-02667228-v;v;negative;0.3125;conflict;-1
eng-30-00538565-a;a;neutral;0.3125;concentrated;-1
eng-30-02796623-n;n;negative;0.3125;barrier;-1
eng-30-00584820-a;a;positive;0.3125;constructive;-1
eng-30-09606527-n;n;negative;0.3125;anomaly,unusual_person;-1
eng-30-00034574-n;n;positive;0.3125;kindness,benignity;-1
eng-30-07288801-n;n;positive;0.3125;miracle;-1
eng-30-01587077-a;a;negative;0.3125;nasty,awful;-1
eng-30-00839834-v;v;positive;0.3125;magnify,hyperbolize,overdraw,exaggerate,overstate,hyperbolise,amplify;-1
eng-30-01229020-a;a;negative;0.3125;hopeless;-1
eng-30-01247240-a;a;negative;0.3125;hot;-1
eng-30-00709215-s;a;positive;0.3125;delicate,fragile,frail;-1
eng-30-01131454-s;a;negative;0.3125;atrocious,flagitious,grievous,monstrous;-1
eng-30-00070965-n;n;negative;0.3125;mistake,error,fault;-1
eng-30-01646941-a;a;negative;0.3125;immature,young;-1
eng-30-00981818-a;a;positive;0.3125;fast;-1
eng-30-01908039-a;a;negative;0.3125;impure;-1
eng-30-01105233-a;a;neutral;0.625;specific;-1
eng-30-00272177-v;v;negative;0.3125;destabilise,destabilize;-1
eng-30-00446921-a;a;neutral;0.3125;close;-1
eng-30-00812298-v;v;positive;0.3125;face,confront,face_up;-1
eng-30-01294396-v;v;negative;0.3125;disjoin,disjoint;-1
eng-30-01128193-v;v;positive;0.3125;protect;-1
eng-30-00707366-a;a;negative;0.3125;rugged;-1
eng-30-01123148-a;a;positive;0.3125;good;-1
eng-30-01021301-a;a;negative;0.3125;unfit;-1
eng-30-02016062-v;v;neutral;0.3125;get_off;-1
eng-30-02031986-a;a;positive;0.3125;right;-1
eng-30-01369758-v;v;negative;0.3125;bust,break;-1
eng-30-00224731-a;a;negative;0.3125;malicious;-1
eng-30-02074092-a;a;negative;0.3125;insane;-1
eng-30-01131043-a;a;negative;0.3125;evil;-1
eng-30-13360498-n;n;positive;0.3125;trust;-1
eng-30-01158872-v;v;positive;0.3125;utilize,utilise,use,apply,employ;-1
eng-30-09608709-n;n;positive;0.3125;helper,benefactor;-1
eng-30-00174379-a;a;neutral;0.3125;inaudible,unhearable;-1
eng-30-00260648-v;v;positive;0.3125;touch_on,repair,furbish_up,mend,restore,doctor,bushel,fix;-1
eng-30-01488245-a;a;positive;0.3125;mature;-1
eng-30-00417413-a;a;positive;0.3125;clean;-1
eng-30-02280018-v;v;positive;0.416666666667;break_even;-1
eng-30-01489722-a;a;negative;0.3125;immature;-1
eng-30-02516594-v;v;negative;0.3125;mistreat,abuse,ill-use,step,maltreat,ill-treat;-1
eng-30-01955984-v;v;neutral;0.3125;ride;-1
eng-30-13971065-n;n;positive;0.3125;agreement,accord;-1
eng-30-02393401-a;a;negative;0.3125;tasteless;-1
eng-30-04468005-n;n;neutral;0.3125;railroad_train,train;-1
eng-30-01564144-v;v;negative;0.3125;destroy,ruin;-1
eng-30-01889610-v;v;negative;0.3125;agitate,shake;-1
eng-30-00895304-v;v;positive;0.3125;fend_for,defend,support;-1
eng-30-00220869-v;v;positive;0.3125;strengthen,beef_up,fortify;-1
eng-30-00094448-a;a;positive;0.3125;live,alive;-1
eng-30-04861486-n;n;positive;0.3125;firmness_of_purpose,resoluteness,firmness,resolve,resolution;-1
eng-30-00064479-a;a;positive;0.3125;advantageous;-1
eng-30-08187033-n;n;neutral;0.3125;troupe,company;-1
eng-30-00806502-v;v;positive;0.3125;approve,sanction,okay,O.K.;-1
eng-30-14322699-n;n;negative;0.3125;hurting,pain;-1
eng-30-00705891-a;a;positive;0.3125;delicate;-1
eng-30-02225510-a;a;positive;0.3125;skilled;-1
eng-30-00296178-v;v;positive;0.3125;correct,adjust,set;-1
eng-30-00829745-a;a;positive;0.3125;educated;-1
eng-30-02392878-a;a;positive;0.3125;tasteful;-1
eng-30-00021766-a;a;positive;0.3125;accurate;-1
eng-30-00887719-a;a;positive;0.3125;wishful,desirous;-1
eng-30-05148699-n;n;positive;0.3125;usefulness,utility;-1
eng-30-07526757-n;n;positive;0.3125;happiness;-1
eng-30-01592642-a;a;negative;0.3125;lowborn;-1
eng-30-00217728-a;a;positive;0.3125;beautiful;-1
eng-30-07523905-n;n;negative;0.3125;anxiety;-1
eng-30-00885695-a;a;positive;0.3125;enthusiastic;-1
eng-30-01150915-a;a;negative;0.3125;hard;-1
eng-30-00622581-a;a;positive;0.3125;incorrupt;-1
eng-30-00135718-a;a;negative;0.3125;inappropriate;-1
eng-30-02080488-a;a;positive;0.3125;unsarcastic;-1
eng-30-01251128-a;a;negative;0.3125;cold;-1
eng-30-01785971-v;v;negative;0.3125;anger;-1
eng-30-02536740-a;a;neutral;0.3125;decreasing;-1
eng-30-01725712-a;a;positive;0.3125;passionate;-1
eng-30-02108791-v;v;negative;0.3125;strike,hit,come_to;-1
eng-30-00744916-a;a;negative;0.3125;difficult,hard;-1
eng-30-01082535-a;a;negative;0.3125;unfruitful;-1
eng-30-00022686-v;v;positive;0.3125;brace,stimulate,perk_up,energize,energise,arouse;-1
eng-30-00807178-v;v;negative;0.3125;reject,disapprove;-1
eng-30-00797430-v;v;negative;0.3125;refuse,decline;-1
eng-30-02314584-a;a;neutral;0.3125;straight;-1
eng-30-00651039-s;a;negative;0.3125;severe,serious,grievous,life-threatening,grave,dangerous;-1
eng-30-07497473-n;n;positive;0.3125;liking;-1
eng-30-00113818-a;a;negative;0.3125;angry;-1
eng-30-00035758-v;v;positive;0.3125;cleanse,clean;-1
eng-30-01635146-a;a;neutral;0.3125;constituted,established;-1
eng-30-01663571-a;a;positive;0.3125;optimistic;-1
eng-30-09393605-n;n;neutral;0.3125;field,champaign,plain;-1
eng-30-00956131-a;a;positive;0.3125;fair,just;-1
eng-30-00539793-a;a;neutral;0.3125;distributed;-1
eng-30-01308425-a;a;negative;0.3125;uninformed;-1
eng-30-02315002-a;a;neutral;0.3125;curved,curving;-1
eng-30-01949149-a;a;negative;0.3125;unrefined;-1
eng-30-02481436-v;v;positive;0.3125;decriminalise,legalise,legitimize,legalize,legitimatize,decriminalize,legitimate,legitimatise,legitimise;-1
eng-30-02680814-v;v;negative;0.3125;cease,give_up,discontinue,stop,lay_off,quit;-1
eng-30-01712704-v;v;negative;0.3125;execute,perform,do;-1
eng-30-00806512-a;a;negative;0.3125;dull;-1
eng-30-00156601-v;v;positive;0.3125;increase;-1
eng-30-02213947-a;a;neutral;0.3125;single;-1
eng-30-05616246-n;n;positive;0.3125;power,ability;-1
eng-30-08227214-n;n;neutral;0.3125;Lodge,guild,social_club,club,gild,order,society;-1
eng-30-01183573-v;v;positive;0.3125;fulfil,satisfy,meet,fill,fulfill;-1
eng-30-07516354-n;n;negative;0.3125;anger,choler,ire;-1
eng-30-08310949-n;n;neutral;0.3125;council;-1
eng-30-05839024-n;n;neutral;0.3125;kind,sort,variety,form;-1
eng-30-02032953-a;a;negative;0.3125;left;-1
eng-30-00331446-a;a;neutral;0.3125;peripheral;-1
eng-30-00182406-v;v;neutral;0.3125;add;-1
eng-30-09621545-n;n;positive;0.3125;intellectual,intellect;-1
eng-30-00851103-a;a;negative;0.3125;inelegant;-1
eng-30-02431728-a;a;negative;0.3125;tired;-1
eng-30-00986027-a;a;negative;0.3125;fat;-1
eng-30-02354537-a;a;positive;0.3125;supportive;-1
eng-30-04688246-n;n;positive;0.3125;attractiveness,attraction;-1
eng-30-02225492-v;v;positive;0.3125;preserve,save;-1
eng-30-05905348-n;n;neutral;0.3125;scheme,strategy;-1
eng-30-13258362-n;n;positive;0.3125;lucre,profits,profit,earnings,net_profit,net_income,net;-1
eng-30-00719442-s;a;negative;0.3125;impulsive,whimsical,capricious;-1
eng-30-00893878-v;v;positive;0.3125;relieve,let_off,exempt,excuse;-1
eng-30-02436349-v;v;positive;0.3125;manage,care,handle,deal;-1
eng-30-00172732-v;v;negative;0.3125;impoverish,deprive;-1
eng-30-00102586-v;v;negative;0.3125;harm;-1
eng-30-14292090-n;n;negative;0.3125;fracture,break;-1
eng-30-13854649-n;n;negative;0.3125;oppositeness,opposition;-1
eng-30-01892953-a;a;negative;0.3125;humble;-1
eng-30-00366691-a;a;neutral;0.3125;chromatic;-1
eng-30-00681094-a;a;positive;0.3125;undamaged;-1
eng-30-00005041-v;v;positive;0.3125;inspire,breathe_in,inhale;-1
eng-30-01049462-a;a;negative;0.3125;unfortunate;-1
eng-30-00796976-v;v;negative;0.3125;scorn,reject,spurn,freeze_off,disdain,turn_down,pooh-pooh;-1
eng-30-04849241-n;n;positive;0.3125;goodness,good;-1
eng-30-14483917-n;n;positive;0.3125;chance,opportunity;-1
eng-30-02313250-v;v;negative;0.3125;deprive;-1
eng-30-01711071-a;a;negative;0.3125;painful;-1
eng-30-00830717-a;a;negative;0.3125;uneducated;-1
eng-30-05805475-n;n;positive;0.3125;apprehension,understanding,savvy,discernment;-1
eng-30-00733905-a;a;negative;0.3125;unwanted,undesirable;-1
eng-30-01876006-a;a;neutral;0.3125;progressive;-1
eng-30-04153751-n;n;neutral;0.3125;screw;-1
eng-30-01586009-a;a;positive;0.3125;unneurotic;-1
eng-30-01749320-a;a;positive;0.3125;perfect;-1
eng-30-01361414-a;a;positive;0.3125;glad;-1
eng-30-00362467-a;a;positive;0.3125;cheerful;-1
eng-30-02678438-v;v;negative;0.3125;worry,interest,concern,occupy;-1
eng-30-08616050-n;n;neutral;0.3125;pastureland,ley,lea,grazing_land,pasture;-1
eng-30-01910652-s;a;negative;0.3125;afloat,aimless,undirected,rudderless,planless,adrift,directionless;-1
eng-30-00099184-v;v;positive;0.3125;heal;-1
eng-30-01740892-a;a;positive;0.3125;peaceable,peaceful;-1
eng-30-01889256-a;a;positive;0.3125;proud;-1
eng-30-01002377-a;a;negative;0.3125;infertile,unfertile,sterile;-1
eng-30-01620509-a;a;negative;0.3125;obstructed;-1
eng-30-01127795-v;v;positive;0.3125;defend;-1
eng-30-00797697-v;v;positive;0.3125;consent,accept,go_for;-1
eng-30-01904930-v;v;neutral;0.3125;walk;-1
eng-30-04852088-n;n;negative;0.3125;evilness,evil;-1
eng-30-01244410-a;a;negative;0.3125;hostile;-1
eng-30-07111047-n;n;neutral;0.3125;phone,speech_sound,sound;-1
eng-30-02541302-a;a;negative;0.3125;ill,sick;-1
eng-30-01590115-a;a;positive;0.3125;noble;-1
eng-30-00445548-a;a;neutral;0.3125;distant;-1
eng-30-01047874-a;a;positive;0.3125;fortunate;-1
eng-30-00278551-a;a;positive;0.3125;bright;-1
eng-30-00283127-n;n;neutral;0.3125;travel,locomotion;-1
eng-30-01843055-v;v;neutral;0.3125;jaunt,trip,travel;-1
eng-30-02434605-a;a;positive;0.3125;rested;-1
eng-30-05644922-n;n;negative;0.3125;inability;-1
eng-30-01373728-a;a;negative;0.3125;unkind;-1
eng-30-00802318-v;v;positive;0.3125;allow,let,permit,countenance;-1
eng-30-00024814-v;v;positive;0.3125;freshen_up,refreshen,freshen,refresh;-1
eng-30-00907147-v;v;negative;0.3125;kick,complain,sound_off,plain,quetch,kvetch;-1
eng-30-00761713-v;v;neutral;0.3125;negociate,talk_terms,negotiate;-1
eng-30-01963942-v;v;neutral;0.3125;jump,spring,leap,bound;-1
eng-30-02031624-a;a;positive;0.416666666667;center;-1
eng-30-00840902-a;a;negative;0.3125;inefficient;-1
eng-30-02062670-a;a;neutral;0.3125;same;-1
eng-30-00632438-a;a;negative;0.3125;wrong,incorrect;-1
eng-30-00227507-a;a;positive;0.3125;best;-1
eng-30-02018049-v;v;neutral;0.3125;board,get_on;-1
eng-30-02310895-a;a;positive;0.3125;straight;-1
eng-30-00271946-v;v;positive;0.3125;stabilize,stabilise;-1
eng-30-04955633-n;n;negative;0.3125;dullness;-1
eng-30-06709533-n;n;negative;0.3125;disapproval;-1
eng-30-01660994-a;a;positive;0.3125;opportune;-1
eng-30-09048460-n;n;neutral;0.3125;colony;-1
eng-30-08294395-n;n;negative;0.3125;nonalignment,nonalinement;-1
eng-30-03467984-n;n;negative;0.3125;gun;-1
eng-30-01103021-a;a;neutral;0.625;specific;-1
eng-30-02534877-a;a;neutral;0.3125;increasing;-1
eng-30-06770275-n;n;positive;0.3125;agreement,understanding;-1
eng-30-04350905-n;n;neutral;0.3125;suit,suit_of_clothes;-1
eng-30-00791078-n;n;neutral;0.3125;trial,test,run;-1
eng-30-01945550-a;a;neutral;0.3125;mutual,reciprocal;-1
eng-30-02649830-v;v;neutral;0.3125;dwell,live,populate,inhabit;-1
eng-30-01245637-v;v;positive;0.3125;polish,smooth,shine,smoothen;-1
eng-30-02576657-a;a;neutral;0.3125;nonwoody;-1
eng-30-02424254-a;a;negative;0.3125;untidy;-1
eng-30-00586183-a;a;negative;0.3125;destructive;-1
eng-30-00982602-a;a;negative;0.3125;slow;-1
eng-30-02238462-a;a;negative;0.3125;rough,unsmooth;-1
eng-30-01845720-v;v;neutral;0.3125;travel,journey;-1
eng-30-01001689-a;a;positive;0.3125;fertile;-1
eng-30-00040353-v;v;positive;0.3125;groom,neaten;-1
eng-30-01531375-a;a;positive;0.3125;moderate;-1
eng-30-01277974-v;v;neutral;0.3125;fold_up,fold,turn_up;-1
eng-30-04934546-n;n;neutral;0.3125;body,consistence,consistency,eubstance;-1
eng-30-00681429-v;v;neutral;0.3125;valuate,measure,assess,value,evaluate,appraise;-1
eng-30-07546465-n;n;negative;0.3125;hate,hatred;-1
eng-30-14548343-n;n;negative;0.3125;impairment,handicap,disability,disablement;-1
eng-30-02485650-a;a;neutral;0.3125;descending;-1
eng-30-00210446-a;a;negative;0.3125;hairless;-1
eng-30-07387509-n;n;negative;0.3125;noise;-1
eng-30-01783158-a;a;neutral;0.3125;religious;-1
eng-30-02345272-a;a;negative;0.3125;inferior;-1
eng-30-00839619-a;a;positive;0.3125;efficient;-1
eng-30-01211699-v;v;negative;0.3125;manipulate;-1
eng-30-09385911-n;n;neutral;0.3125;part,piece;-1
eng-30-06778102-n;n;positive;0.3125;joke,jape,jest,laugh,gag;-1
eng-30-07484265-n;n;positive;0.3125;desire;-1
eng-30-00962722-n;n;negative;0.3125;revolution;-1
eng-30-02339413-v;v;neutral;0.3125;outfit,fit,equip,fit_out;-1
eng-30-13306870-n;n;neutral;0.3125;charge;-1
eng-30-14083790-n;n;negative;0.3125;mental_disorder,disturbance,psychological_disorder,mental_disturbance,folie;-1
eng-30-00829107-v;v;neutral;0.3125;teach,learn,instruct;-1
eng-30-00065791-a;a;positive;0.3125;adventurous,adventuresome;-1
eng-30-06696483-n;n;positive;0.3125;award,laurels,honor,honour,accolade;-1
eng-30-01235859-a;a;neutral;0.3125;vertical,upright,erect;-1
eng-30-00201354-a;a;negative;0.3125;backward;-1
eng-30-00447309-v;v;positive;0.3125;resolve,break_up,dissolve;-1
eng-30-00022316-v;v;negative;0.3125;tranquillize,sedate,calm,tranquilize,tranquillise;-1
eng-30-01120925-a;a;positive;0.3125;glorious;-1
eng-30-01217043-v;v;positive;0.3125;support,sustain,hold,hold_up;-1
eng-30-02082218-a;a;negative;0.3125;unsatisfactory;-1
eng-30-02324397-a;a;negative;0.3125;weak;-1
eng-30-00293141-v;v;positive;0.3125;prettify,fancify,embellish,beautify;-1
eng-30-00643250-a;a;positive;0.3125;creative,originative;-1
eng-30-02116118-v;v;positive;0.3125;stimulate,stir,excite;-1
eng-30-01071423-a;a;negative;0.3125;preserved;-1
eng-30-10129825-n;n;negative;0.3125;girl,miss,missy,young_woman,fille,young_lady;-1
eng-30-00004227-v;v;negative;0.3125;expire,breathe_out,exhale;-1
eng-30-04857083-n;n;positive;0.3125;courage,braveness,bravery,courageousness;-1
eng-30-01628946-a;a;negative;0.3125;offensive;-1
eng-30-02499629-v;v;negative;0.3125;penalise,penalize,punish;-1
eng-30-06686736-n;n;positive;0.3125;commendation,approval;-1
eng-30-01767949-v;v;positive;0.3125;affect,move,strike,impress;-1
eng-30-00797299-a;a;negative;0.3125;drunk,inebriated,intoxicated;-1
eng-30-05155821-n;n;positive;0.3125;vantage,advantage;-1
eng-30-04683814-n;n;positive;0.3125;beauty;-1
eng-30-00906367-v;v;positive;0.3125;convict;-1
eng-30-01172889-a;a;negative;0.3125;unhealthy;-1
eng-30-02125797-a;a;positive;0.3125;settled;-1
eng-30-01139352-a;a;positive;0.3125;graceful;-1
eng-30-02461723-a;a;negative;0.3125;false;-1
eng-30-01475953-v;v;positive;0.3125;disengage,free;-1
eng-30-01120069-v;v;negative;0.3125;attack,set_on,assail,assault;-1
eng-30-00266806-n;n;positive;0.3125;fix,repair,mend,reparation,mending,fixture,fixing;-1
eng-30-01361863-a;a;negative;0.3125;sad;-1
eng-30-06878404-n;n;positive;0.3125;laugh;-1
eng-30-02482425-v;v;negative;0.3125;murder,dispatch,remove,polish_off,off,hit,slay,bump_off;-1
eng-30-04005630-n;n;negative;0.3125;prison,prison_house;-1
eng-30-00306723-v;v;negative;0.3125;detonate,set_off,blow_up,explode;-1
eng-30-01887076-a;a;positive;0.3125;protective;-1
eng-30-02356430-a;a;negative;0.3125;unsupportive;-1
eng-30-00134701-a;a;positive;0.3125;appropriate;-1
eng-30-02106506-v;v;neutral;0.3125;perceive,comprehend;-1
eng-30-01493173-a;a;positive;0.3125;mature,ripe;-1
eng-30-08464601-n;n;neutral;0.3125;front,movement,social_movement;-1
eng-30-00311559-v;v;negative;0.3125;darken;-1
eng-30-01586342-a;a;positive;0.3125;nice;-1
eng-30-01407465-a;a;negative;0.3125;illegitimate;-1
eng-30-02166346-a;a;neutral;0.3125;simple,unsubdivided;-1
eng-30-10055847-n;n;negative;0.3125;opposition,foeman,foe,enemy;-1
eng-30-14844693-n;n;negative;0.3125;dirt,soil;-1
eng-30-00166146-a;a;positive;0.3125;attractive;-1
eng-30-01170962-n;n;negative;0.3125;fighting,combat,scrap,fight;-1
eng-30-00940214-v;v;negative;0.3125;obfuscate;-1
eng-30-01294182-v;v;negative;0.3125;disjoin,disjoint;-1
eng-30-02883344-n;n;neutral;0.3125;box;-1
eng-30-00220956-a;a;negative;0.3125;ugly;-1
eng-30-00975171-a;a;positive;0.3125;stylish,fashionable;-1
eng-30-07208338-n;n;negative;0.3125;objection;-1
eng-30-02326695-a;a;negative;0.3125;stubborn,unregenerate,obstinate;-1
eng-30-01774136-v;v;negative;0.3125;hate,detest;-1
eng-30-08220891-n;n;neutral;0.3125;division;-1
eng-30-02554922-v;v;positive;0.3125;advance,encourage,further,promote,boost;-1
eng-30-00171586-v;v;positive;0.3125;enrich;-1
eng-30-00258857-v;v;negative;0.3125;damage;-1
eng-30-04360501-n;n;positive;0.3125;support;-1
eng-30-00196560-a;a;positive;0.3125;unalarming;-1
eng-30-01835496-v;v;neutral;0.3125;move,go,locomote,travel;-1
eng-30-01876957-a;a;neutral;0.3125;regressive;-1
eng-30-00883635-v;v;positive;0.3125;triumph,gloat,crow;-1
eng-30-03501152-n;n;negative;0.3125;hazard;-1
eng-30-13939892-n;n;neutral;0.3125;stage,point,level,degree;-1
eng-30-01799794-v;v;negative;0.3125;mortify,chagrin,humble,abase,humiliate;-1
eng-30-01149494-a;a;negative;0.3125;unhappy;-1
eng-30-02523275-a;a;negative;0.3125;vulnerable;-1
eng-30-01222360-a;a;positive;0.3125;honorable,honest;-1
eng-30-01533120-a;a;negative;0.3125;immoderate;-1
eng-30-00066636-n;n;negative;0.3125;failure;-1
eng-30-02540578-a;a;positive;0.3125;well;-1
eng-30-06773434-n;n;positive;0.3125;treaty,pact,accord;-1
eng-30-02690708-v;v;negative;0.3125;lie;-1
eng-30-00778275-v;v;negative;0.3125;cut_off,break_up,disrupt,interrupt;-1
eng-30-01152746-a;a;positive;0.3125;soft;-1
eng-30-00476744-v;v;negative;0.3125;strain,distort,deform;-1
eng-30-01033527-v;v;neutral;0.3125;plow,treat,cover,handle,address,deal;-1
eng-30-02245403-a;a;negative;0.3125;rough;-1
eng-30-02422685-a;a;positive;0.3125;tidy;-1
eng-30-02219094-v;v;positive;0.3125;support;-1
eng-30-02333453-a;a;negative;0.3125;unsuccessful;-1
eng-30-01710260-s;a;positive;0.3125;gratuitous,free,costless,complimentary,gratis;-1
eng-30-01914521-a;a;neutral;0.3125;qualitative;-1
eng-30-00118567-a;a;neutral;0.3125;alive,animated;-1
eng-30-00205046-v;v;positive;0.3125;meliorate,improve,ameliorate,better;-1
eng-30-01195536-a;a;positive;0.3125;helpful;-1
eng-30-00018584-a;a;negative;0.3125;unacceptable;-1
eng-30-00859153-v;v;positive;0.3125;chirk_up,cheer,cheer_up;-1
eng-30-00230335-a;a;positive;0.3125;better;-1
eng-30-02244619-a;a;positive;0.3125;smooth;-1
eng-30-00781168-a;a;neutral;0.3125;indistinct;-1
eng-30-02030080-a;a;positive;0.3125;right;-1
eng-30-06691442-n;n;positive;0.3125;encouragement;-1
eng-30-01805157-a;a;positive;0.3125;pleased;-1
eng-30-00173338-v;v;negative;0.3125;remove,withdraw,take_away,take;-1
eng-30-10197967-n;n;negative;0.3125;idler,bum,do-nothing,loafer,layabout;-1
eng-30-02520219-a;a;positive;0.3125;voluntary;-1
eng-30-13982357-n;n;negative;0.3125;dissension,disagreement,dissonance;-1
eng-30-00792471-v;v;neutral;0.3125;send_for,call;-1
eng-30-00986938-n;n;negative;0.3125;fire,firing;-1
eng-30-02685951-v;v;neutral;0.3125;extend,go,run,pass,lead;-1
eng-30-02288828-v;v;positive;0.416666666667;lose,turn_a_loss;-1
eng-30-02450640-a;a;positive;0.3125;atoxic,nontoxic;-1
eng-30-02176178-a;a;negative;0.3125;complex;-1
eng-30-02321009-a;a;positive;0.3125;strong;-1
eng-30-08664443-n;n;neutral;0.3125;spot,topographic_point,place;-1
eng-30-01816956-a;a;negative;0.3125;unpopular;-1
eng-30-00084956-a;a;positive;0.3125;unaggressive,nonaggressive;-1
eng-30-01016035-a;a;neutral;0.3125;terminal;-1
eng-30-01286539-a;a;negative;0.3125;unimpressive;-1
eng-30-09979589-n;n;negative;0.3125;critic;-1
eng-30-01028748-v;v;neutral;0.3125;call,name;-1
eng-30-01675963-v;v;positive;0.3125;decorate,grace,adorn,embellish,ornament,beautify;-1
eng-30-01246579-a;a;positive;0.3125;amicable;-1
eng-30-10225219-n;n;neutral;0.3125;judge,jurist,justice;-1
eng-30-01819147-v;v;negative;0.3125;discourage;-1
eng-30-01319874-a;a;positive;0.3125;clean-handed,innocent,guiltless;-1
eng-30-00766234-n;n;negative;0.3125;criminal_offence,criminal_offense,law-breaking,crime,offense,offence;-1
eng-30-01776727-v;v;negative;0.3125;dislike;-1
eng-30-10213652-n;n;negative;0.3125;intruder,trespasser,interloper;-1
eng-30-13279262-n;n;neutral;0.3125;wage,salary,pay,remuneration,earnings;-1
eng-30-00119409-a;a;neutral;0.3125;unanimated;-1
eng-30-01237897-a;a;neutral;0.3125;unerect;-1
eng-30-00364479-a;a;negative;0.3125;cheerless,depressing,uncheerful;-1
eng-30-00077645-a;a;negative;0.3125;afraid;-1
eng-30-00190115-a;a;neutral;0.3125;cognizant,cognisant,aware;-1
eng-30-01086545-a;a;negative;0.3125;empty;-1
eng-30-01160031-a;a;negative;0.3125;harmful;-1
eng-30-00072989-v;v;negative;0.3125;eliminate,excrete,egest,pass;-1
eng-30-02278830-v;v;positive;0.3125;profit,turn_a_profit;-1
eng-30-00598679-a;a;positive;0.3125;controlled;-1
eng-30-00799517-a;a;negative;0.3125;sober;-1
eng-30-09366017-n;n;negative;0.3125;natural_depression,Depression;-1
eng-30-01534147-v;v;negative;0.3125;soil,grime,begrime,dirty,colly,bemire;-1
eng-30-01370590-a;a;negative;0.3125;unjust;-1
eng-30-02047807-a;a;neutral;0.3125;angular,angulate;-1
eng-30-02228335-a;a;negative;0.3125;unskilled;-1
eng-30-01727439-a;a;negative;0.3125;passionless;-1
eng-30-01226215-v;v;positive;0.3125;caress,fondle;-1
eng-30-01777210-v;v;positive;0.3125;like;-1
eng-30-09633969-n;n;negative;0.3125;offender,wrongdoer;-1
eng-30-02575330-a;a;neutral;0.3125;woody;-1
eng-30-00856824-v;v;positive;0.3125;praise;-1
eng-30-02290461-v;v;positive;0.3125;benefit,profit,gain;-1
eng-30-01020393-a;a;positive;0.3125;fit;-1
eng-30-00666058-a;a;neutral;0.3125;current;-1
eng-30-00429048-n;n;positive;0.3125;entertainment,amusement;-1
eng-30-02210855-v;v;negative;0.3125;acquire,get;-1
eng-30-01809321-v;v;negative;0.3125;overwhelm,overtake,overpower,whelm,overcome,sweep_over;-1
eng-30-02419159-s;a;negative;0.3125;lost,bemused,preoccupied,deep_in_thought;-1
eng-30-01336587-a;a;negative;0.3125;unintelligent,stupid;-1
eng-30-01889173-a;a;negative;0.3125;unprotective;-1
eng-30-01815838-a;a;positive;0.3125;popular;-1
eng-30-07314838-n;n;negative;0.3125;calamity,cataclysm,catastrophe,disaster,tragedy;-1
eng-30-00523978-a;a;negative;0.3125;uncomplete,incomplete;-1
eng-30-00283703-a;a;negative;0.3125;dull;-1
eng-30-01212519-n;n;positive;0.3125;support;-1
eng-30-08553535-n;n;neutral;0.3125;residential_district,residential_area,community;-1
eng-30-01816645-v;v;negative;0.3125;dissatisfy;-1
eng-30-13937554-n;n;negative;0.3125;rejection;-1
eng-30-13972797-n;n;negative;0.3125;disorder;-1
eng-30-02236842-a;a;positive;0.3125;smooth;-1
eng-30-00668571-a;a;neutral;0.3125;noncurrent;-1
eng-30-02108026-v;v;neutral;0.3125;experience,receive,have,get;-1
eng-30-13296899-n;n;positive;0.3125;benefit;-1
eng-30-06706676-n;n;positive;0.3125;palm,medallion,ribbon,decoration,medal,laurel_wreath;-1
eng-30-00740053-v;v;neutral;0.3125;assign,attribute;-1
eng-30-01148283-a;a;positive;0.3125;happy;-1
eng-30-00163592-a;a;positive;0.3125;attentive;-1
eng-30-00017782-a;a;positive;0.3125;acceptable;-1
eng-30-03169390-n;n;positive;0.3125;ornamentation,decoration,ornament;-1
eng-30-09614684-n;n;positive;0.3125;guardian,protector,shielder,defender;-1
eng-30-04901326-n;n;negative;0.3125;impropriety,improperness;-1
eng-30-01363613-a;a;positive;0.3125;joyful;-1
eng-30-00231252-a;a;negative;0.3125;worse;-1
eng-30-14408086-n;n;negative;0.3125;difficulty;-1
eng-30-00035189-n;n;positive;0.3125;achievement,accomplishment;-1
eng-30-00329831-a;a;neutral;0.3125;central;-1
eng-30-02328659-a;a;positive;0.3125;docile;-1
eng-30-00520214-a;a;positive;0.3125;complete;-1
eng-30-00386392-a;a;neutral;0.3125;achromatic,neutral;-1
eng-30-02058794-a;a;negative;0.3125;unsafe,dangerous;-1
eng-30-00078760-v;v;positive;0.3125;treat,care_for;-1
eng-30-02363358-a;a;positive;0.3125;insusceptible,unsusceptible;-1
eng-30-01968569-v;v;positive;0.3125;go_up,uprise,arise,rise,move_up,come_up,lift;-1
eng-30-02480923-v;v;negative;0.3125;illegalise,outlaw,criminalize,illegalize,criminalise;-1
eng-30-01372049-a;a;positive;0.3125;kind;-1
eng-30-00889334-a;a;negative;0.3125;undesirous,undesiring;-1
eng-30-00199659-v;v;positive;0.3125;correct,right,rectify;-1
eng-30-00811820-a;a;negative;0.3125;uneager;-1
eng-30-00976123-a;a;negative;0.3125;styleless,unstylish;-1
eng-30-01742296-a;a;negative;0.3125;unpeaceful;-1
eng-30-14174549-n;n;negative;0.3125;infection;-1
eng-30-02566015-a;a;negative;0.3125;unwilling;-1
eng-30-02291843-a;a;negative;0.3125;unstable;-1
eng-30-07543288-n;n;positive;0.3125;love;-1
eng-30-01525116-a;a;neutral;0.3125;immobile;-1
eng-30-02856463-n;n;neutral;0.3125;board;-1
eng-30-00631391-a;a;positive;0.3125;right,correct;-1
eng-30-00311663-a;a;negative;0.3125;careless;-1
eng-30-00620731-a;a;negative;0.3125;corrupt;-1
eng-30-07519253-n;n;negative;0.3125;fright,fearfulness,fear;-1
eng-30-02311544-a;a;negative;0.3125;crooked;-1
eng-30-00193015-a;a;negative;0.3125;alarming;-1
eng-30-05142180-n;n;positive;0.3125;goodness,good;-1
eng-30-01301410-v;v;negative;0.3125;confine,restrain,hold;-1
eng-30-02043217-a;a;neutral;0.3125;square;-1
eng-30-02544048-s;a;negative;0.3125;giddy,woozy,dizzy,vertiginous;-1
eng-30-00919542-a;a;positive;0.3125;excited;-1
eng-30-14081375-n;n;negative;0.3125;attack;-1
eng-30-05161614-n;n;negative;0.3125;disadvantage;-1
eng-30-13991823-n;n;positive;0.3125;freedom;-1
eng-30-00048129-a;a;neutral;0.3125;additive;-1
eng-30-01781983-v;v;negative;0.3125;panic;-1
eng-30-04914292-n;n;negative;0.3125;rudeness,discourtesy;-1
eng-30-08435388-n;n;negative;0.3125;scheme,system;-1
eng-30-00732960-a;a;positive;0.3125;desirable;-1
eng-30-11462526-n;n;negative;0.3125;storm,violent_storm;-1
eng-30-04898437-n;n;positive;0.3125;correctitude,properness,propriety;-1
eng-30-04692157-n;n;negative;0.3125;Mar,blemish,defect;-1
eng-30-00689344-v;v;neutral;0.3125;consider,believe,conceive,think;-1
eng-30-00862683-v;v;negative;0.3125;attack,round,assail,snipe,lash_out,assault;-1
eng-30-09815790-n;n;positive;0.3125;supporter,assistant,helper,help;-1
eng-30-14070360-n;n;negative;0.3125;disease;-1
eng-30-01973125-v;v;neutral;0.3125;take_down,get_down,bring_down,let_down,lower;-1
eng-30-00293429-v;v;negative;0.3125;uglify;-1
eng-30-09977660-n;n;negative;0.3125;malefactor,outlaw,criminal,crook,felon;-1
eng-30-02467662-v;v;neutral;0.3125;split,separate,divide,dissever,split_up,carve_up;-1
eng-30-04677952-n;n;neutral;0.3125;colour,color,semblance,gloss;-1
eng-30-01570892-a;a;positive;0.3125;natural;-1
eng-30-00169164-a;a;negative;0.3125;unattractive;-1
eng-30-14589223-n;n;positive;0.3125;solution;-1
eng-30-02360448-a;a;negative;0.3125;susceptible;-1
eng-30-02009433-v;v;neutral;0.3125;leave,go_away,go_forth;-1
eng-30-01369663-a;a;positive;0.3125;just;-1
eng-30-00439588-a;a;negative;0.3125;stupid;-1
eng-30-01101913-v;v;negative;0.3125;trounce,vanquish,beat_out,crush,beat,shell;-1
eng-30-04952242-n;n;positive;0.3125;brightness;-1
eng-30-02076817-s;a;negative;0.3125;unstable,mentally_ill,unsound;-1
eng-30-02064745-a;a;neutral;0.3125;different;-1
eng-30-02526085-v;v;positive;0.3125;reach,achieve,accomplish,attain;-1
eng-30-01630117-a;a;positive;0.3125;defensive;-1
eng-30-00226535-a;a;positive;0.3125;unmalicious;-1
eng-30-02069355-a;a;neutral;0.3125;other;-1
eng-30-00303727-a;a;negative;0.3125;stormy;-1
eng-30-01295275-v;v;positive;0.3125;join,bring_together;-1
eng-30-00095280-a;a;negative;0.3125;dead;-1
eng-30-10114897-n;n;negative;0.3125;fugitive,fugitive_from_justice;-1
eng-30-00813978-v;v;neutral;0.3125;talk_over,discuss,hash_out;-1
eng-30-00520257-n;n;neutral;0.3125;show;-1
eng-30-01993140-a;a;positive;0.3125;respectable;-1
eng-30-00438707-a;a;positive;0.3125;smart;-1
eng-30-00203237-a;a;positive;0.3125;forward;-1
eng-30-01926311-v;v;neutral;0.3125;run;-1
eng-30-04081844-n;n;negative;0.3125;constraint,restraint;-1
eng-30-01636757-a;a;neutral;0.3125;unestablished;-1
eng-30-02525206-a;a;positive;0.3125;invulnerable;-1
eng-30-14642417-n;n;neutral;0.3125;Fe,atomic_number_26,iron;-1
eng-30-01018788-s;a;negative;0.3125;game,gimpy,lame,halt,crippled,halting;-1
eng-30-01522376-a;a;neutral;0.3125;mobile;-1
eng-30-01946911-a;a;neutral;0.3125;nonreciprocal;-1
eng-30-02469835-v;v;neutral;0.3125;unite,unify;-1
eng-30-00453726-a;a;neutral;0.3125;clothed,clad;-1
eng-30-00229630-a;a;negative;0.3125;worst;-1
eng-30-00065488-a;a;negative;0.3125;disadvantageous;-1
eng-30-05144079-n;n;negative;0.3125;bad,badness;-1
eng-30-00202236-v;v;negative;0.3125;falsify;-1
eng-30-00958896-n;n;negative;0.3125;conflict,struggle,battle;-1
eng-30-14112855-n;n;negative;0.3125;heart_attack;-1
eng-30-00779374-a;a;neutral;0.3125;distinct;-1
eng-30-01083157-a;a;positive;0.3125;full;-1
eng-30-01482330-n;n;neutral;0.3125;shark;-1
eng-30-01344963-a;a;negative;0.3125;uninteresting;-1
eng-30-02140033-v;v;neutral;0.3125;display,expose,exhibit;-1
eng-30-10595647-n;n;negative;0.3125;sick_person,sufferer,diseased_person;-1
eng-30-00668099-v;v;negative;0.3125;suffer,put_up,abide,support,stand,digest,endure,tolerate,brook,stick_out,stomach,bear;-1
eng-30-01848355-v;v;neutral;0.3125;stay_in_place;-1
eng-30-00212173-a;a;positive;0.3125;hirsute,haired,hairy;-1
eng-30-01320988-a;a;negative;0.3125;guilty;-1
eng-30-07501545-n;n;negative;0.3125;dislike;-1
eng-30-01622302-a;a;positive;0.3125;unobstructed;-1
eng-30-02569130-a;a;positive;0.3125;wise;-1
eng-30-00050083-a;a;neutral;0.3125;subtractive;-1
eng-30-01306273-a;a;positive;0.3125;informed;-1
eng-30-08061042-n;n;neutral;0.3125;business_concern,business_organisation,business_organization,business,concern;-1
eng-30-01493897-a;a;negative;0.3125;unripe,immature,unripened,green;-1
eng-30-02066939-v;v;neutral;0.3125;feed,flow,run,course;-1
eng-30-01170243-a;a;positive;0.3125;healthy;-1
eng-30-01074650-a;a;positive;0.3125;friendly;-1
eng-30-00164863-a;a;negative;0.3125;inattentive;-1
eng-30-01080297-a;a;positive;0.3125;fruitful;-1
eng-30-01397210-v;v;negative;0.3125;work_over,beat,beat_up;-1
eng-30-02073443-a;a;positive;0.3125;sane;-1
eng-30-01947266-a;a;positive;0.3125;refined;-1
eng-30-00853633-v;v;positive;0.3125;jest,joke;-1
eng-30-00424370-a;a;negative;0.3125;dirty;-1
eng-30-02331262-a;a;positive;0.3125;successful;-1
eng-30-00644372-a;a;negative;0.3125;uncreative;-1
eng-30-00247439-a;a;negative;0.3125;bloody;-1
eng-30-01122411-a;a;negative;0.3125;inglorious;-1
eng-30-00957176-a;a;negative;0.3125;unfair,unjust;-1
eng-30-01131902-v;v;negative;0.3125;bombard,bomb;-1
eng-30-02179518-v;v;neutral;0.3125;sound;-1
eng-30-10503452-n;n;negative;0.3125;radical;-1
eng-30-00462092-v;v;negative;0.3125;inhibit,conquer,curb,stamp_down,suppress,subdue;-1
eng-30-01159655-a;a;positive;0.3125;harmless;-1
eng-30-02134999-a;a;negative;0.3125;unsexy;-1
eng-30-05118437-n;n;negative;0.3125;inordinateness,excess,excessiveness;-1
eng-30-01014251-a;a;neutral;0.3125;intermediate;-1
eng-30-02460502-a;a;positive;0.3125;true;-1
eng-30-00884011-v;v;positive;0.3125;assure,promise;-1
eng-30-01800349-a;a;positive;0.3125;pleasant;-1
eng-30-09791816-n;n;negative;0.3125;anarchist,nihilist,syndicalist;-1
eng-30-02215977-a;a;neutral;0.3125;multiple;-1
eng-30-00679147-a;a;negative;0.3125;damaged;-1
eng-30-02005948-v;v;neutral;0.3125;come,get,arrive;-1
eng-30-02030935-a;a;positive;0.416666666667;left;-1
eng-30-00312815-v;v;positive;0.3125;lighten_up,lighten,brighten;-1
eng-30-01779165-v;v;negative;0.3125;frighten,affright,fright,scare;-1
eng-30-00841125-v;v;negative;0.3125;minimize,minimise,downplay,understate;-1
eng-30-00074790-n;n;negative;0.3125;blooper,bungle,foul-up,fuckup,flub,botch,boo-boo,boner,bloomer,blunder,pratfall;-1
eng-30-01593649-a;a;positive;0.3125;normal;-1
eng-30-01759326-v;v;negative;0.3125;provoke,elicit,fire,kindle,evoke,enkindle,raise,arouse;-1
eng-30-01905653-a;a;positive;0.3125;pure;-1
eng-30-00066800-a;a;negative;0.3125;unadventurous;-1
eng-30-06715927-n;n;negative;0.3125;contempt,scorn;-1
eng-30-01969216-v;v;positive;0.3125;go_up,ascend;-1
eng-30-00791227-a;a;negative;0.3125;dominant;-1
eng-30-00826509-v;v;negative;0.3125;knock,criticise,pick_apart,criticize;-1
eng-30-01228530-a;a;positive;0.3125;hopeful;-1
eng-30-00248977-n;n;positive;0.3125;improvement;-1
eng-30-05150588-n;n;negative;0.3125;uselessness,unusefulness,inutility;-1
eng-30-01076793-a;a;negative;0.3125;unfriendly;-1
eng-30-13899404-n;n;neutral;0.3125;globe,orb,ball;-1
eng-30-00203866-v;v;negative;0.3125;worsen,decline;-1
eng-30-08518505-n;n;neutral;0.3125;capital;-1
eng-30-00028565-v;v;positive;0.3125;smile;-1
eng-30-00849357-a;a;positive;0.3125;elegant;-1
eng-30-08208016-n;n;neutral;0.3125;force,personnel;-1
eng-30-10533013-n;n;negative;0.3125;competition,contender,rival,challenger,competitor;-1
eng-30-01119169-v;v;negative;0.3125;attack,assail;-1
eng-30-04912732-n;n;positive;0.3125;good_manners,courtesy;-1
eng-30-02043898-a;a;neutral;0.3125;rounded;-1
eng-30-02079029-a;a;negative;0.3125;sarcastic;-1
eng-30-01713095-a;a;positive;0.3125;painless;-1
eng-30-03304730-n;n;negative;0.3125;explosive;-1
eng-30-01091427-v;v;negative;0.3125;fight_down,defend,fight,oppose,fight_back;-1
eng-30-06630017-n;n;positive;0.3125;greeting,salutation;-1
eng-30-00644583-v;v;neutral;0.3125;examine,analyze,study,canvas,canvass,analyse;-1
eng-30-01406640-a;a;positive;0.3125;legitimate;-1
eng-30-00457598-a;a;neutral;0.3125;unclothed;-1
eng-30-01503886-a;a;neutral;0.3125;memberless;-1
eng-30-01643620-a;a;positive;0.3125;old;-1
eng-30-01817130-v;v;negative;0.3125;displease;-1
eng-30-01209426-v;v;negative;0.3125;strike,hit;-1
eng-30-02866578-n;n;negative;0.3125;bomb;-1
eng-30-06272803-n;n;neutral;0.3125;telephone_call,call,phone_call;-1
eng-30-02852523-n;n;negative;0.3125;block;-1
eng-30-00810916-a;a;positive;0.3125;eager;-1
eng-30-02057829-a;a;positive;0.3125;safe;-1
eng-30-00887062-a;a;negative;0.3125;unenthusiastic;-1
eng-30-07456188-n;n;negative;0.3125;competition,contest;-1
eng-30-01101391-a;a;neutral;0.3125;general;-1
eng-30-10366966-n;n;neutral;0.3125;nurse;-1
eng-30-02428924-v;v;neutral;0.3125;forgather,foregather,assemble,meet,gather;-1
eng-30-01801600-a;a;negative;0.3125;unpleasant;-1
eng-30-02524171-v;v;positive;0.3125;win,deliver_the_goods,come_through,succeed,bring_home_the_bacon;-1
eng-30-01164763-a;a;positive;0.3125;healthful;-1
eng-30-00191603-a;a;neutral;0.3125;unaware,incognizant;-1
