fre-30-01823092-a;a;negative;0.5;impossible;-1
fre-30-00455599-n;n;positive;0.5;catch,jeu,partie;-1
fre-30-02540578-a;a;positive;0.5;puits;-1
fre-30-01839417-a;a;negative;0.5;imprécis;-1
fre-30-00900616-a;a;positive;0.5;essentiel;-1
fre-30-02367785-a;a;neutral;0.5;sec,sécher;-1
fre-30-09827683-n;n;positive;0.5;beauté,bébé,chéri,enfant,nourisson,nourrisson,nouveau-né;-1
fre-30-02513740-a;a;negative;0.5;méchant;-1
fre-30-13258362-n;n;positive;0.5;bénéfice,gain,lucre,profit,réseau,résultat,résultat net;-1
fre-30-01263013-a;a;negative;0.5;atroce,cruel,sauvage;-1
fre-30-01442186-a;a;negative;0.5;court;-1
fre-30-02563327-v;v;negative;0.5;courir,effectuer,exécuter;-1
fre-30-06532330-n;n;positive;0.5;droit,loi,législation;-1
fre-30-01675963-v;v;positive;0.5;décorer,garnir,orner;-1
fre-30-02584097-v;v;negative;0.5;abandonner,désert,déserter,livrer,quitter;-1
fre-30-00835903-v;v;negative;0.5;déformer,falsifier,fausser;-1
fre-30-07490713-n;n;positive;0.5;plaisir;-1
fre-30-02111684-a;a;neutral;0.5;commun,conjoint;-1
fre-30-02055062-a;a;positive;0.5;sacré,saint;-1
fre-30-03169390-n;n;positive;0.5;décoration,ornement,parure;-1
fre-30-06709533-n;n;negative;0.5;désapprobation,réprobation;-1
fre-30-00957176-a;a;negative;0.5;injuste;-1
fre-30-02237338-v;v;negative;0.5;refuser,rejeter,repousser;-1
fre-30-04105893-n;n;neutral;0.5;local,pièce,salle;-1
fre-30-14070360-n;n;negative;0.5;maladie;-1
fre-30-00066781-r;r;neutral;0.5;auparavant,avant,en avant,en face;-1
fre-30-05627785-n;n;positive;0.5;ciel,paradis;-1
fre-30-00779374-a;a;neutral;0.5;distinct;-1
fre-30-05667404-n;n;positive;0.5;Identité,coutume,tradition;-1
fre-30-14061805-n;n;negative;0.5;maladie;-1
fre-30-01139352-a;a;positive;0.5;gracieux;-1
fre-30-00069879-v;v;negative;0.5;blesser;-1
fre-30-00220461-v;v;positive;0.5;renforcer,se renforcer;-1
fre-30-01170243-a;a;positive;0.5;sain;-1
fre-30-00749230-a;a;positive;0.5;facile;-1
fre-30-00523978-a;a;negative;0.5;incomplet;-1
fre-30-00013887-a;a;positive;0.5;abondant,ample,copieux,large,plantureux,profus;-1
fre-30-00219110-r;r;positive;0.5;adorablement,agréablement,délicieusement,joliment;-1
fre-30-01996377-a;a;positive;0.5;responsable;-1
fre-30-02464693-a;a;positive;0.5;confiance,droit,fiable,honnête,sûr,véritable;-1
fre-30-05867413-n;n;neutral;0.5;division,part,partie,section,élément;-1
fre-30-07320302-n;n;positive;0.5;naissance;-1
fre-30-02579447-v;v;negative;0.5;abaisser,abâtardir,corrompre,débaucher,dégrader,dépraver,renverser;-1
fre-30-01090335-v;v;positive;0.5;batailler,combattre,lutter;-1
fre-30-02053818-a;a;positive;0.5;sacré,saint;-1
fre-30-00307474-a;a;negative;0.5;incapable;-1
fre-30-00972621-n;n;negative;0.5;assaut,attaque;-1
fre-30-00835609-a;a;negative;0.5;inutile;-1
fre-30-02058794-a;a;negative;0.5;dangereux,périlleux,redoutable;-1
fre-30-01001689-a;a;positive;0.5;fertile,fécond;-1
fre-30-00725772-a;a;negative;0.5;dépendant;-1
fre-30-00681429-v;v;positive;0.5;apprécier,estimer,mesurer,évaluer;-1
fre-30-13830305-n;n;neutral;0.5;point,point cardinal;-1
fre-30-07951464-n;n;neutral;0.5;agrégation,collection;-1
fre-30-00875712-a;a;negative;0.5;léthargique,mollasson;-1
fre-30-01753788-v;v;positive;0.5;créer,fonder;-1
fre-30-02754096-a;a;neutral;0.5;judiciaire,juridique,légal;-1
fre-30-04014297-n;n;positive;0.5;protection;-1
fre-30-01009240-v;v;positive;0.5;affirmer,dire,déclarer;-1
fre-30-01552885-a;a;neutral;0.5;peu,rare;-1
fre-30-02526085-v;v;positive;0.5;aboutir,accomplir,atteindre,obtenir,parvenir,remporter,réaliser;-1
fre-30-00690614-v;v;neutral;0.5;considérer,estimer,juger,voir;-1
fre-30-05919866-n;n;neutral;0.5;sen,sens,signification,substance;-1
fre-30-01476483-v;v;negative;0.5;barrer,bloquer,boucher,encombrer,entraver;-1
fre-30-01493897-a;a;neutral;0.5;immature,vert;-1
fre-30-00311663-a;a;negative;0.5;négligent;-1
fre-30-09773245-n;n;negative;0.5;adversaire,antagoniste,ennemi;-1
fre-30-00511214-a;a;negative;0.5;incompétent;-1
fre-30-06710546-n;n;negative;0.5;critique;-1
fre-30-01943406-a;a;positive;0.5;raisonnable,sage;-1
fre-30-02483267-v;v;negative;0.5;effectuer,exécuter;-1
fre-30-02207206-v;v;neutral;0.5;acheter,acquérir;-1
fre-30-00581401-a;a;neutral;0.5;invisible;-1
fre-30-02144835-v;v;negative;0.5;cacher,dissimuler;-1
fre-30-05161614-n;n;negative;0.5;désavantage;-1
fre-30-00397016-r;r;positive;0.5;abondamment,amplement;-1
fre-30-01581115-a;a;negative;0.5;inutile;-1
fre-30-01345109-v;v;neutral;0.5;fermer;-1
fre-30-01463963-v;v;positive;0.5;disposer,organiser,ranger;-1
fre-30-00614057-v;v;negative;0.5;abandonner,délaisser,désert,livrer,quitter;-1
fre-30-05113133-n;n;negative;0.5;carence,déficience,insuffisance,lacune,privation;-1
fre-30-01216670-v;v;neutral;0.5;disposer,détenir,retenir,tenir;-1
fre-30-01437963-a;a;positive;0.5;long;-1
fre-30-13136556-n;n;neutral;0.5;coque,noix,écrou;-1
fre-30-00515154-v;v;neutral;0.5;processus,traiter,transformer;-1
fre-30-14440137-n;n;negative;0.5;honte,ignominie;-1
fre-30-06043075-n;n;positive;0.5;médecine,médicament,remède;-1
fre-30-00199659-v;v;positive;0.5;correct,corriger,rectifier;-1
fre-30-01549291-a;a;negative;0.5;immoral;-1
fre-30-00908099-v;v;negative;0.5;dissuader,décourager,empêcher;-1
fre-30-07314838-n;n;negative;0.5;calamité,catastrophe,désastre,fléau;-1
fre-30-00430606-n;n;positive;0.5;jeu;-1
fre-30-00740577-v;v;positive;0.5;communiquer;-1
fre-30-14541852-n;n;negative;0.5;danger,peligre,risque,risquer;-1
fre-30-00931852-v;v;neutral;0.5;signifier,vouloir dire;-1
fre-30-00031921-n;n;neutral;0.5;rapport,relation;-1
fre-30-06784003-n;n;negative;0.5;problème;-1
fre-30-00210446-r;r;positive;0.5;bien;-1
fre-30-06568978-n;n;neutral;0.5;programme,programme informatique;-1
fre-30-01369663-a;a;positive;0.5;juste;-1
fre-30-00003553-n;n;neutral;0.5;ensemble,totalité,tout,unité;-1
fre-30-01898129-a;a;positive;0.5;raisonnable;-1
fre-30-11473954-n;n;positive;0.5;lumière,lumière visible;-1
fre-30-00826509-v;v;negative;0.5;critiquer;-1
fre-30-00006336-a;a;neutral;0.5;absorbant;-1
fre-30-01222884-a;a;negative;0.5;malhonnête;-1
fre-30-02427103-v;v;positive;0.5;fonder,lancer,reconstituer,rétablir,établir;-1
fre-30-01246579-a;a;positive;0.5;amiable,amical;-1
fre-30-01028748-v;v;neutral;0.5;appeler,dénommer,nommer;-1
fre-30-00520214-a;a;positive;0.5;complet,entier;-1
fre-30-02324397-a;a;negative;0.5;faible;-1
fre-30-09411430-n;n;neutral;0.5;fleuve,rivière,torrent;-1
fre-30-02467662-v;v;neutral;0.5;diviser,partager,répartir,séparer;-1
fre-30-07475364-n;n;negative;0.5;défaite;-1
fre-30-00588888-v;v;positive;0.5;appréhender,comprendre,entendre;-1
fre-30-01548193-a;a;positive;0.5;moral,morale;-1
fre-30-02453321-v;v;negative;0.5;détourner,empêcher,prévenir,éviter;-1
fre-30-02166346-a;a;positive;0.5;pur,simple;-1
fre-30-02752987-a;a;neutral;0.5;judiciaire,juridique;-1
fre-30-00841403-a;a;positive;0.5;agissant,puissant;-1
fre-30-01385527-n;n;positive;0.5;accueil,amphitryon,hôte;-1
fre-30-00033574-a;a;negative;0.5;inactif;-1
fre-30-10214637-n;n;positive;0.5;concepteur,inventeur;-1
fre-30-01525776-a;a;neutral;0.5;portable,portatif;-1
fre-30-01727926-a;a;neutral;0.5;dernier,passé,précédent;-1
fre-30-08441203-n;n;positive;0.5;droit,loi,législation;-1
fre-30-01295275-v;v;neutral;0.5;connecter,joindre,unir;-1
fre-30-05388805-n;n;neutral;0.5;cœur,pompe;-1
fre-30-02694933-v;v;neutral;0.5;placer,poser,situer,trouver;-1
fre-30-01834485-v;v;neutral;0.5;être debout;-1
fre-30-01598592-a;a;neutral;0.5;anormal;-1
fre-30-01282014-a;a;positive;0.5;imposant,impressionnant,épatant;-1
fre-30-01595596-a;a;negative;0.5;anormal;-1
fre-30-00306314-a;a;positive;0.5;habile;-1
fre-30-02680814-v;v;neutral;0.5;arrêter,cesser;-1
fre-30-02472293-n;n;neutral;0.5;homme,homo sapien,homo sapiens sapiens,humain,humaine,être humain;-1
fre-30-06470073-n;n;neutral;0.5;document,papier,pièce;-1
fre-30-07502669-n;n;negative;0.5;antipathie;-1
fre-30-05829782-n;n;positive;0.5;allégresse,bonheur,joie,plaisir;-1
fre-30-00408660-a;a;positive;0.5;clair,lumineux,lumière;-1
fre-30-00223500-v;v;negative;0.5;affaiblir;-1
fre-30-01002377-a;a;negative;0.5;infécond,stérile;-1
fre-30-02242464-v;v;neutral;0.5;commercialiser,vendre;-1
fre-30-00064479-a;a;positive;0.5;avantageux,favorable;-1
fre-30-02416278-v;v;positive;0.5;collaborer,coopérer;-1
fre-30-02080577-a;a;positive;0.5;satisfaisant;-1
fre-30-07473441-n;n;positive;0.5;triomphe,victoire;-1
fre-30-00212414-v;v;positive;0.5;conserver,préserver;-1
fre-30-00031820-v;v;positive;0.5;rire,se bidonner;-1
fre-30-01598319-a;a;neutral;0.5;normal;-1
fre-30-00278551-a;a;positive;0.5;lumineux;-1
fre-30-00021766-a;a;positive;0.5;exact,juste,précis;-1
fre-30-00251809-a;a;negative;0.5;timide;-1
fre-30-00394813-v;v;neutral;0.5;combiner,mélanger,mêler;-1
fre-30-00001740-v;v;positive;0.5;inspirer,respirer;-1
fre-30-11466043-n;n;positive;0.5;chaleur,énergie thermique;-1
fre-30-00931467-v;v;neutral;0.5;dénommer,référer,signifier;-1
fre-30-05980875-n;n;positive;0.5;but,fin,objectif;-1
fre-30-00492677-a;a;neutral;0.5;commun;-1
fre-30-01494310-v;v;neutral;0.5;mettre,placer,poser;-1
fre-30-01742726-v;v;positive;0.5;cultiver;-1
fre-30-13994148-n;n;positive;0.5;indépendance,liberté;-1
fre-30-08620061-n;n;neutral;0.5;endroit,lieu,point;-1
fre-30-02020590-v;v;positive;0.5;aboutir,arriver,atteindre,gagner,parvenir;-1
fre-30-14285662-n;n;negative;0.5;blessure,mal,traumatisme;-1
fre-30-01732270-a;a;neutral;0.666666666667;avenir,futur;-1
fre-30-01384687-n;n;negative;0.5;parasite;-1
fre-30-07494363-n;n;negative;0.5;douleur,peine;-1
fre-30-00205885-v;v;positive;0.5;amender,améliorer;-1
fre-30-05946687-n;n;neutral;0.5;foi,religion;-1
fre-30-15266911-n;n;neutral;0.5;bout,extrémité,fin,issue,terme,terminaison;-1
fre-30-05090441-n;n;neutral;0.5;importance,magnitude;-1
fre-30-01118449-v;v;negative;0.5;attaquer;-1
fre-30-02176178-a;a;neutral;0.5;complexe;-1
fre-30-00836236-v;v;neutral;0.5;présenter,représenter,signifier,symboliser;-1
fre-30-01926376-a;a;negative;0.5;irrationnel;-1
fre-30-00362467-a;a;positive;0.5;content,gai;-1
fre-30-02388145-a;a;positive;0.5;apprivoiser,dompter;-1
fre-30-01246148-a;a;negative;0.5;adversaire,opposant;-1
fre-30-00007846-n;n;neutral;0.5;homme,humain,individu,personne,quelqu'un,être humain;-1
fre-30-00971075-a;a;positive;0.5;actuel,élégant;-1
fre-30-00067045-r;r;neutral;0.5;auparavant,avant,devant,préalablement;-1
fre-30-02389220-a;a;negative;0.5;sauvage;-1
fre-30-01652902-a;a;neutral;0.5;ouvert,ouvrir;-1
fre-30-00885695-a;a;positive;0.5;courageux,enthousiaste;-1
fre-30-02367363-v;v;positive;0.5;agir,faire;-1
fre-30-00464962-a;a;negative;0.5;incohérent;-1
fre-30-05311054-n;n;neutral;0.5;oculus,œil,œil-de-bœuf;-1
fre-30-00759694-n;n;negative;0.5;terrorisme;-1
fre-30-07037465-n;n;neutral;0.5;composition,morceau,opus,pièce;-1
fre-30-02756821-v;v;negative;0.5;tomber;-1
fre-30-00474620-a;a;neutral;0.5;explosif;-1
fre-30-02431728-a;a;negative;0.5;fatigué;-1
fre-30-01489722-a;a;neutral;0.5;immature;-1
fre-30-00059607-r;r;positive;0.5;meilleur;-1
fre-30-14322699-n;n;negative;0.5;douleur;-1
fre-30-01229020-a;a;negative;0.5;désespéré;-1
fre-30-00842914-a;a;negative;0.5;faible;-1
fre-30-01861205-a;a;neutral;0.5;public,publique;-1
fre-30-00965606-a;a;positive;0.5;connu,familier;-1
fre-30-00204125-r;r;negative;0.5;mauvais,pas;-1
fre-30-01899360-a;a;negative;0.5;imprudent;-1
fre-30-00664788-v;v;positive;0.5;confirmer,démontrer,montrer,prouver,valider,établir;-1
fre-30-00685683-v;v;negative;0.5;refuser,rejeter;-1
fre-30-04673965-n;n;neutral;0.5;apparence,aspect;-1
fre-30-01364008-a;a;negative;0.5;triste;-1
fre-30-01675190-a;a;positive;0.5;extraordinaire;-1
fre-30-06333653-n;n;neutral;0.5;dénomination,nom;-1
fre-30-02632353-v;v;negative;0.5;manquer;-1
fre-30-02453889-v;v;positive;0.5;accoter,aider,approuver,appui,soutenir;-1
fre-30-00197710-r;r;neutral;0.5;conjointement;-1
fre-30-00641640-a;a;negative;0.5;impoli,mal,mal poli,poli;-1
fre-30-01010862-a;a;positive;0.5;premier;-1
fre-30-02452885-v;v;negative;0.5;empêcher,interdire;-1
fre-30-01652782-a;a;neutral;0.5;clos,fermer,fermé;-1
fre-30-00577525-n;n;positive;0.5;service;-1
fre-30-01013279-a;a;negative;0.5;dernier;-1
fre-30-01072262-v;v;negative;0.5;concourir,rivaliser;-1
fre-30-01123148-a;a;positive;0.5;bon;-1
fre-30-00262792-a;a;positive;0.5;brave,courageux,vaillant;-1
fre-30-02679899-v;v;neutral;0.5;confirmer,continuer,maintenir,préserver,soutenir;-1
fre-30-00570590-a;a;neutral;0.5;conscient;-1
fre-30-02521410-v;v;negative;0.5;protestation,protester;-1
fre-30-04982207-n;n;neutral;0.5;calme,silence;-1
fre-30-00845523-n;n;positive;0.5;congrès,copulation,coït,rapport sexuel,rapports sexuels,relations sexuelles,saillie,union charnelle,union sexuelle;-1
fre-30-00701479-a;a;neutral;0.5;indéfini,infini;-1
fre-30-00686447-v;v;positive;0.5;accepter,admettre;-1
fre-30-05564590-n;n;neutral;0.5;main,patte;-1
fre-30-01149494-a;a;negative;0.5;triste;-1
fre-30-01235859-a;a;neutral;0.5;droit,vertical;-1
fre-30-05149325-n;n;neutral;0.5;fonction,rôle,usage,utilisation;-1
fre-30-00571643-a;a;neutral;0.5;inconscient;-1
fre-30-02074092-a;a;negative;0.5;aberrant,fou;-1
fre-30-00018043-r;r;neutral;0.5;même;-1
fre-30-02449430-a;a;negative;0.5;toxique,venimeux;-1
fre-30-01158872-v;v;neutral;0.5;servir,utiliser;-1
fre-30-01564144-v;v;negative;0.5;détruire,dévaster,ravager;-1
fre-30-02290998-a;a;positive;0.5;stable;-1
fre-30-00795863-v;v;negative;0.5;interdire,prohiber;-1
fre-30-02529264-a;a;positive;0.5;chaud;-1
fre-30-07210553-n;n;negative;0.5;protestation,protester;-1
fre-30-00912473-v;v;negative;0.5;cri,crier;-1
fre-30-07180787-n;n;negative;0.5;désaccord;-1
fre-30-10702781-n;n;negative;0.5;terrorisme,terroriste;-1
fre-30-08287844-n;n;positive;0.5;civilisation;-1
fre-30-00887463-v;v;positive;0.5;consacrer,dédier;-1
fre-30-00166146-a;a;positive;0.5;attirant,attrayant;-1
fre-30-01509527-a;a;negative;0.5;intense;-1
fre-30-02450505-v;v;neutral;0.5;empêcher;-1
fre-30-00019792-v;v;negative;0.5;agresser,attaque,attaquer,prendre;-1
fre-30-05872477-n;n;neutral;0.5;principe;-1
fre-30-13957601-n;n;neutral;0.5;présence;-1
fre-30-00130778-a;a;neutral;0.5;précédent;-1
fre-30-00843468-v;v;negative;0.5;accuser,plaindre,reprocher;-1
fre-30-06601327-n;n;neutral;0.5;importance,importation,importer,intérêt,sen,sens,signifiance,signification;-1
fre-30-00641158-a;a;positive;0.5;poli;-1
fre-30-05145118-n;n;neutral;0.5;coût,prix;-1
fre-30-01078783-v;v;negative;0.5;affronter,confronter,visage;-1
fre-30-07175241-n;n;positive;0.5;accord,contrat,pacte;-1
fre-30-01400562-a;a;positive;0.5;légal;-1
fre-30-08664443-n;n;neutral;0.5;endroit,lieu,point;-1
fre-30-14541044-n;n;negative;0.5;danger;-1
fre-30-00915830-v;v;positive;0.5;chuchoter,susurrer;-1
fre-30-00953559-n;n;negative;0.5;bataille,combat,conflit;-1
fre-30-13960974-n;n;negative;0.5;absence,défaut,manque;-1
fre-30-01613463-a;a;negative;0.5;désobéissant,rebelle;-1
fre-30-01488245-a;a;neutral;0.5;mûr;-1
fre-30-14174549-n;n;negative;0.5;infection;-1
fre-30-06686736-n;n;positive;0.5;agrément,approbation,visa;-1
fre-30-01131043-a;a;negative;0.5;malfaisant,malin,maléfique;-1
fre-30-05616246-n;n;positive;0.5;aptitude,capacité,faculté,habilité;-1
fre-30-00095280-a;a;negative;0.5;mort;-1
fre-30-02662979-v;v;neutral;0.5;concorder,conformer,correspondre;-1
fre-30-02524171-v;v;positive;0.5;arriver,gagner,gagner son bifteck,parvenir,réussir,succéder;-1
fre-30-01074650-a;a;positive;0.5;aimable,gentil;-1
fre-30-00113113-n;n;negative;0.5;oppression,presse,pression;-1
fre-30-00803325-v;v;positive;0.5;approuver,autoriser;-1
fre-30-05814291-n;n;neutral;0.5;problème,question,sujet;-1
fre-30-02529284-v;v;negative;0.5;dédaigner,négliger;-1
fre-30-01244410-a;a;negative;0.5;hostile;-1
fre-30-02483000-v;v;negative;0.5;assassiner;-1
fre-30-07484265-n;n;positive;0.5;désir;-1
fre-30-02120458-a;a;positive;0.5;bagatelle,bricole,frivole,vain;-1
fre-30-14447908-n;n;positive;0.5;bien-être,santé;-1
fre-30-02328659-a;a;positive;0.5;obéissant;-1
fre-30-00231252-a;a;negative;0.5;pire;-1
fre-30-00973056-v;v;neutral;0.5;adresser,diffuser,programmer,répandre,transmettre,transporter;-1
fre-30-05617606-n;n;positive;0.5;intelligence;-1
fre-30-00781168-a;a;neutral;0.5;indistinct,touffu;-1
fre-30-02529945-a;a;negative;0.5;cool,frais,frisquet;-1
fre-30-00409440-a;a;negative;0.5;obscur,sombre;-1
fre-30-02302220-v;v;neutral;0.5;détenir,porter;-1
fre-30-00828779-a;a;positive;0.5;comestible;-1
fre-30-00586183-a;a;negative;0.5;destructeur,destructif;-1
fre-30-02335828-a;a;positive;0.5;bon,suffisant;-1
fre-30-02281093-v;v;neutral;0.5;conserver,entreposer,stocker;-1
fre-30-07945657-n;n;negative;0.5;défunt,mort;-1
fre-30-00017782-a;a;positive;0.5;acceptable,admissible;-1
fre-30-00173338-v;v;negative;0.5;enlever,retirer,retrancher,ôter;-1
fre-30-00289082-a;a;negative;0.5;cassé;-1
fre-30-00249721-a;a;positive;0.5;audacieux,courageux,hardi;-1
fre-30-00400883-v;v;negative;0.5;compliquer;-1
fre-30-01653538-a;a;neutral;0.5;fermé;-1
fre-30-02743261-a;a;neutral;0.5;homme,humain;-1
fre-30-00958896-n;n;negative;0.5;bagarre,bataille,conflit,lutte;-1
fre-30-00471613-n;n;neutral;0.5;bal,balle,baseball,boule;-1
fre-30-05868954-n;n;neutral;0.5;composant,constituant,facteur,ingrédient,point,élément;-1
fre-30-00299580-v;v;positive;0.5;accommoder,adapter,ajuster;-1
fre-30-02522417-a;a;neutral;0.5;involontaire;-1
fre-30-04360501-n;n;positive;0.5;appui,support;-1
fre-30-00016756-a;a;negative;0.5;insuffisant;-1
fre-30-00797430-v;v;negative;0.5;refuser;-1
fre-30-00839619-a;a;positive;0.5;compétent,efficace,efficient;-1
fre-30-01508719-a;a;positive;0.5;doux,léger;-1
fre-30-02327200-v;v;positive;0.5;fournir,pourvoir;-1
fre-30-01100145-v;v;positive;0.5;gagner;-1
fre-30-10476086-n;n;negative;0.5;détenu,prisonnier;-1
fre-30-01621555-v;v;positive;0.5;créer,effectuer,fabriquer,faire,fonder,obtenir,produire;-1
fre-30-01617192-v;v;;0.5;créer,faire;-1
fre-30-01128193-v;v;positive;0.5;assurer,protéger,préserver,sauvegarder;-1
fre-30-02432530-v;v;neutral;0.5;administrer,fonder,organiser,reconstituer,rétablir,établir;-1
fre-30-01037540-a;a;neutral;0.5;extérieur,étranger;-1
fre-30-02557199-v;v;negative;0.5;bloquer,embarrasser,entraver,gêner,obstruer;-1
fre-30-00973077-n;n;negative;0.5;guerre;-1
fre-30-09977660-n;n;negative;0.5;criminel,hors-la-loi,malfaiteur,malfrat;-1
fre-30-01142804-a;a;positive;0.5;progressif;-1
fre-30-02118379-a;a;negative;0.5;grave,sérieux;-1
fre-30-01752495-v;v;positive;0.5;créer,procréer,produire;-1
fre-30-02946644-a;a;positive;0.5;pacifique;-1
fre-30-01837744-a;a;positive;0.5;exact,précis;-1
fre-30-01835496-v;v;neutral;0.5;aller,circuler,déplacer,marcher,voyager;-1
fre-30-01034457-a;a;neutral;0.5;étranger;-1
fre-30-01532589-v;v;positive;0.5;nettoyer;-1
fre-30-00493460-a;a;neutral;0.5;individu,individuel,particulier;-1
fre-30-02427334-v;v;negative;0.5;abolir,annuler,détruire,supprimer,ôter;-1
fre-30-07809368-n;n;positive;0.5;aromate,aromatisant,assaisonnement,parfum,épice;-1
fre-30-08559508-n;n;positive;0.5;domicile,foyer,maison;-1
fre-30-01580050-a;a;positive;0.5;nécessaire;-1
fre-30-10379620-n;n;negative;0.5;adversaire,opposant,opposition;-1
fre-30-05865998-n;n;neutral;0.5;point;-1
fre-30-00161630-r;r;negative;0.5;aisément,doucement,facile,facilement,lent,lentement,progressivement;-1
fre-30-01534147-v;v;negative;0.5;salir;-1
fre-30-01045711-a;a;neutral;0.5;familier,informel;-1
fre-30-00470701-v;v;negative;0.5;annihiler,anéantir,décimer,exterminer,supprimer,éradiquer;-1
fre-30-01020005-v;v;neutral;0.5;apercevoir,mentionner,noter,observer,remarquer,souligner;-1
fre-30-00264776-a;a;negative;0.5;bas,couard,lâche,peureux,redoutable,veule;-1
fre-30-08507558-n;n;neutral;0.5;début,origine,racine,source;-1
fre-30-02315002-a;a;neutral;0.5;courbe,courbé;-1
fre-30-07543288-n;n;positive;0.5;amour;-1
fre-30-03544360-n;n;positive;0.5;maison;-1
fre-30-00203922-r;r;positive;0.5;correctement,droit,juste,proprement;-1
fre-30-01120069-v;v;negative;0.5;assaillir,attaque,attaquer;-1
fre-30-05840188-n;n;neutral;0.5;genre,type;-1
fre-30-02560548-a;a;neutral;0.5;ample,général,large,étendu;-1
fre-30-01119169-v;v;negative;0.5;assaillir,attaquer;-1
fre-30-05155821-n;n;positive;0.5;avantage;-1
fre-30-02725714-v;v;negative;0.5;retenir,s'empêcher;-1
fre-30-00993529-a;a;negative;0.5;fatal;-1
fre-30-01160031-a;a;negative;0.5;dangereux,nuisible;-1
fre-30-01127795-v;v;positive;0.5;défendre,protéger;-1
fre-30-00161193-r;r;positive;0.5;aisément,facilement;-1
fre-30-01995549-v;v;positive;0.5;avancer,continuer,progresser;-1
fre-30-00966477-a;a;negative;0.5;inconnu;-1
fre-30-01778212-a;a;neutral;0.5;physique;-1
fre-30-01462005-v;v;neutral;0.5;mélanger,mêler;-1
fre-30-01370590-a;a;negative;0.5;injuste;-1
fre-30-01376894-a;a;neutral;0.5;inconnu;-1
fre-30-15265518-n;n;neutral;0.666666666667;début;-1
fre-30-00127296-a;a;neutral;0.5;suivant,ultérieur;-1
fre-30-01493173-a;a;neutral;0.5;mûr,mûre;-1
fre-30-00087916-r;r;neutral;0.5;continuellement,continument,toujours;-1
fre-30-00410247-n;n;positive;0.5;pratique;-1
fre-30-02528380-v;v;negative;0.5;aboutir,avorter,faillir,négliger,échouer;-1
fre-30-00644583-v;v;neutral;0.5;analyser,examiner,étudier;-1
fre-30-02664769-v;v;neutral;0.5;égaler,être;-1
fre-30-00151689-v;v;negative;0.5;abaisser,abréger,amoindrir,baisser,croître,diminuer,réduire,tomber;-1
fre-30-06316048-n;n;neutral;0.5;connexion,expression,locution,phrase,syntagme;-1
fre-30-00419289-a;a;negative;0.5;sale;-1
fre-30-00043765-a;a;negative;0.5;actuel,effectif,réel;-1
fre-30-02203362-v;v;positive;0.5;avoir,disposer,posséder;-1
fre-30-01997910-a;a;negative;0.5;irresponsable;-1
fre-30-02079029-a;a;negative;0.5;sarcastique;-1
fre-30-13991823-n;n;positive;0.5;liberté;-1
fre-30-01045216-a;a;neutral;0.5;formel,officiel;-1
fre-30-00182406-v;v;neutral;0.5;ajouter;-1
fre-30-00131426-a;a;neutral;0.5;postérieur;-1
fre-30-02913152-n;n;neutral;0.5;bâtiment,immeuble,maison,édifice;-1
fre-30-02541302-a;a;negative;0.5;malade;-1
fre-30-00956131-a;a;positive;0.5;juste;-1
fre-30-00106921-r;r;negative;0.5;banalement,communément,couramment,d'habitude,d'ordinaire,en général,fréquemment,généralement,habituellement,normalement,ordinairement,usuellement,vulgairement;-1
fre-30-01944660-a;a;negative;0.5;déraisonnable;-1
fre-30-01731351-a;a;neutral;0.666666666667;actuel,présent;-1
fre-30-01779986-a;a;neutral;0.5;intellectuel,mental;-1
fre-30-00035385-r;r;neutral;0.5;rarement;-1
fre-30-00023271-n;n;positive;0.5;connaissance,savoir,science;-1
fre-30-00923793-v;v;neutral;0.5;désigner,indiquer,montrer;-1
fre-30-01325536-v;v;negative;0.5;mourir,périr,tuer;-1
fre-30-01401854-a;a;negative;0.5;illégal,irrégulier;-1
fre-30-03526198-n;n;neutral;0.5;cavité,trou;-1
fre-30-05645597-n;n;negative;0.5;bêtise,stupidité;-1
fre-30-01435380-v;v;neutral;0.5;passer,transférer,transmettre;-1
fre-30-05941423-n;n;neutral;0.5;conviction,croyance,foi;-1
fre-30-00078760-v;v;positive;0.5;guérir,soigner,traiter;-1
fre-30-01482075-v;v;neutral;0.5;suspendre;-1
fre-30-02561888-a;a;neutral;0.5;réduit,étroit;-1
fre-30-02482425-v;v;negative;0.5;abattre,assassiner,tuer;-1
fre-30-00914421-a;a;positive;0.5;exact,précis;-1
fre-30-00220956-a;a;negative;0.5;laid,moche;-1
fre-30-00273082-a;a;negative;0.5;noir,obscur,sombre;-1
fre-30-02056880-a;a;negative;0.5;profane;-1
fre-30-00829107-v;v;positive;0.5;apprendre,enseigner,éduquer;-1
fre-30-00965404-n;n;negative;0.5;force,violence;-1
fre-30-00125711-a;a;neutral;0.5;antérieur,précédent;-1
fre-30-07417405-n;n;negative;0.5;crise,exigence,urgence;-1
fre-30-04981139-n;n;neutral;0.5;son;-1
fre-30-08058098-n;n;neutral;0.5;compagnie,entreprise,société;-1
fre-30-00970249-a;a;neutral;0.5;familier;-1
fre-30-01834304-a;a;positive;0.5;pratique;-1
fre-30-00085811-r;r;positive;0.5;diligemment,rapidement,vite;-1
fre-30-00766234-n;n;negative;0.5;crime,délit;-1
fre-30-01076793-a;a;negative;0.5;inamical;-1
fre-30-00510050-a;a;positive;0.5;compétent;-1
fre-30-00035058-r;r;neutral;0.5;beaucoup,fréquemment,souvent;-1
fre-30-07532440-n;n;negative;0.5;malheur,tristesse;-1
fre-30-01551633-a;a;neutral;0.5;beaucoup,moult,nombreux;-1
fre-30-02385102-a;a;positive;0.5;grand,haut;-1
fre-30-02236124-v;v;positive;0.5;accepter,admettre,avoir,devoir,prendre,recevoir,recueillir,tenir,être;-1
fre-30-00732960-a;a;positive;0.5;désirable,souhaitable;-1
fre-30-00856824-v;v;positive;0.5;louer;-1
fre-30-00650353-v;v;neutral;0.5;différencier,distinguer,séparer;-1
fre-30-01556921-v;v;neutral;0.5;diviser,partager,séparer;-1
fre-30-01612053-a;a;positive;0.5;obéissant;-1
fre-30-01821266-a;a;positive;0.5;possible,éventuel;-1
fre-30-00842989-v;v;negative;0.5;accuser,plaindre;-1
fre-30-01346003-v;v;neutral;0.5;ouvrir;-1
fre-30-01160342-n;n;negative;0.5;châtiment,correction,peine,punition,sanction;-1
fre-30-01129977-a;a;positive;0.5;bon,meilleur;-1
fre-30-00096333-r;r;neutral;0.5;en haut;-1
fre-30-07387509-n;n;negative;0.5;bruit;-1
fre-30-00065070-v;v;negative;0.5;endurer,souffrir;-1
fre-30-00632236-v;v;neutral;0.5;présumer,supposer;-1
fre-30-01552519-v;v;neutral;0.5;couper,trancher;-1
fre-30-00943837-v;v;neutral;0.5;exprimer,montrer;-1
fre-30-02515341-a;a;neutral;0.5;visible;-1
fre-30-01099592-v;v;negative;0.5;paumer,perdre;-1
fre-30-08223802-n;n;positive;0.5;communauté;-1
fre-30-00147876-r;r;positive;0.5;facile,facilement;-1
fre-30-15266685-n;n;neutral;0.666666666667;milieu;-1
fre-30-01749320-a;a;positive;0.5;parfait;-1
fre-30-00873603-a;a;positive;0.5;courageux,énergique,énergétique;-1
fre-30-01850315-v;v;neutral;0.5;déplacer,transférer;-1
fre-30-07420770-n;n;negative;0.5;dommage,dégât,détérioration,préjudice;-1
fre-30-01279978-a;a;negative;0.5;mineur;-1
fre-30-01908039-a;a;negative;0.5;impur;-1
fre-30-02569130-a;a;positive;0.5;raisonnable,sage,sensé;-1
fre-30-01475953-v;v;positive;0.5;dégager,gratuit,libre;-1
fre-30-00584820-a;a;positive;0.5;constructif;-1
fre-30-00645493-a;a;negative;0.5;incroyable,invraisemblable;-1
fre-30-02743391-a;a;neutral;0.5;homme,humain;-1
fre-30-02870092-n;n;neutral;0.5;livre,volume;-1
fre-30-00797697-v;v;positive;0.5;accepter,agréer,approuver,consentir;-1
fre-30-00002684-n;n;neutral;0.5;chose,objet;-1
fre-30-02137132-v;v;neutral;0.5;montrer;-1
fre-30-14449405-n;n;negative;0.5;absence,carence,défaut,déficience,insuffisance,manque;-1
fre-30-01852174-a;a;neutral;0.5;principal;-1
fre-30-01814396-v;v;negative;0.5;décourager,démoraliser;-1
fre-30-07544647-n;n;positive;0.5;Affection#G.C3.A9n.C3.A9ralit.C3.A9,affection,affection#g.c3.a9n.c3.a9ralit.c3.a9,amour,cœur,tendance,tendresse;-1
fre-30-01846413-a;a;neutral;0.5;présent;-1
fre-30-01396047-a;a;negative;0.5;illicite,illégal;-1
fre-30-00834259-v;v;negative;0.5;mentir;-1
fre-30-07548978-n;n;negative;0.5;agacement,amertume,rancune,rancœur,ressentiment;-1
fre-30-00227507-a;a;positive;0.5;meilleur;-1
fre-30-14864360-n;n;neutral;0.5;graisse,gras,matière grasse;-1
fre-30-00441445-v;v;negative;0.5;diminuer,réduire;-1
fre-30-00962447-v;v;neutral;0.5;discuter,exprimer,parler;-1
fre-30-02288155-v;v;negative;0.5;paumer,perdre;-1
fre-30-08337324-n;n;neutral;0.5;administration fédérale,agence,autorité,bureau,ministère,office,organisme;-1
fre-30-00968211-v;v;neutral;0.5;diffuser,disperser,disséminer,parsemer,programmer,propager,répandre;-1
fre-30-05872982-n;n;positive;0.5;droit,loi;-1
fre-30-09617867-n;n;positive;0.5;expert,savant,spécialiste;-1
fre-30-01853461-a;a;neutral;0.5;secondaire;-1
fre-30-00031974-a;a;positive;0.5;actif,vivant;-1
fre-30-06410904-n;n;neutral;0.5;livre;-1
fre-30-14538472-n;n;positive;0.5;sécurité;-1
fre-30-01170962-n;n;negative;0.5;bataille,combat,combattre,lutte;-1
fre-30-01430847-a;a;negative;0.5;illogique;-1
fre-30-01640207-v;v;positive;0.5;créer,faire;-1
fre-30-01474550-v;v;neutral;0.5;abandonner,débander,dégager,libérer;-1
fre-30-00107230-r;r;positive;0.5;exceptionnellement,remarquablement;-1
fre-30-05869584-n;n;neutral;0.5;ensemble,totalité,tout;-1
fre-30-06696483-n;n;positive;0.5;accolade,distinction,honneur,honorer,prix;-1
fre-30-05898568-n;n;neutral;0.5;plan,programme,projet;-1
fre-30-00579084-a;a;neutral;0.5;obvie,visible;-1
fre-30-08651247-n;n;neutral;0.5;lieu,place,site;-1
fre-30-01258617-a;a;neutral;0.5;homme,humain;-1
fre-30-01752167-a;a;negative;0.5;imparfait;-1
fre-30-00812298-v;v;positive;0.5;affronter,confronter,visage;-1
fre-30-02789151-a;a;positive;0.5;romantique;-1
fre-30-01652380-a;a;neutral;0.5;ouvert,ouvrir;-1
fre-30-02333453-a;a;negative;0.5;infructueux;-1
fre-30-00690058-a;a;positive;0.5;profond;-1
fre-30-02513269-a;a;positive;0.5;vertueux;-1
fre-30-00644839-a;a;positive;0.5;croyable,crédible,vraisemblable;-1
fre-30-02232251-a;a;positive;0.5;bon;-1
fre-30-07323922-n;n;neutral;0.5;commencement,début,origine;-1
fre-30-01976084-a;a;negative;0.5;mineur,équilatéral;-1
fre-30-02466111-a;a;negative;0.5;douteux;-1
fre-30-00396699-r;r;negative;1.0;avarement,chichement,maigrement,mesquinement,parcimonieusement,économement;-1
fre-30-01905653-a;a;positive;0.5;propre,pur;-1
fre-30-00254059-r;r;neutral;0.5;sens antihoraire;-1
fre-30-02630189-v;v;positive;0.5;avoir,comporter,demeurer,devoir,disposer,distinguer,mentionner,paraître,posséder,prendre,privilégier,reposer,ressembler,tenir,être;-1
fre-30-01430111-a;a;positive;0.5;logique;-1
fre-30-01764171-v;v;negative;0.5;distraire,déranger,inquiétude,préoccuper;-1
fre-30-00219403-v;v;negative;0.5;essorer,sec,sécher;-1
fre-30-00249501-n;n;positive;0.5;amélioration,avancement,progrès;-1
fre-30-00802318-v;v;positive;0.5;autoriser,laisser,permettre;-1
fre-30-00044353-a;a;positive;0.5;possible,potentiel,éventuel;-1
fre-30-00178909-r;r;positive;0.5;abondamment,amplement,entièrement;-1
fre-30-02400037-v;v;positive;0.5;aimer mieux,faveur,favoriser,préférer;-1
fre-30-00190115-a;a;neutral;0.5;conscient;-1
fre-30-00208210-v;v;negative;0.5;empirer;-1
fre-30-05644922-n;n;negative;0.5;incapacité;-1
fre-30-02423183-v;v;neutral;0.5;laisser,permettre;-1
fre-30-14540765-n;n;negative;0.5;danger;-1
fre-30-00811375-v;v;negative;0.5;éviter;-1
fre-30-00066191-v;v;negative;0.5;pleurer;-1
fre-30-00202236-v;v;negative;0.5;falsifier,fausser;-1
fre-30-00094448-a;a;positive;0.5;vivant;-1
fre-30-00933420-n;n;positive;0.5;art,beaux-arts,création artistique;-1
fre-30-14607521-n;n;negative;0.5;acide,aigre;-1
fre-30-00883297-n;n;positive;0.5;enseignement,éducation;-1
fre-30-07923748-n;n;neutral;0.5;jus,sève;-1
fre-30-08566028-n;n;neutral;0.5;bout,extrémité,fin;-1
fre-30-14127211-n;n;negative;0.5;Maladie infectieuse,maladie infectieuse,maladies infectieuses;-1
fre-30-11480930-n;n;neutral;0.5;son;-1
fre-30-05207130-n;n;negative;0.5;incapacité;-1
fre-30-02106506-v;v;positive;0.5;comprendre,percevoir;-1
fre-30-00031264-n;n;neutral;0.5;ensemble,groupe,groupement;-1
fre-30-01925372-a;a;positive;0.5;rationnel;-1
fre-30-02866578-n;n;negative;0.5;bombardement,bombarder,bombe;-1
fre-30-02251743-v;v;neutral;0.5;acquitter,payer,verser;-1
fre-30-01125429-a;a;negative;0.5;mal,mauvais;-1
fre-30-02308741-v;v;positive;0.5;contribuer,donner;-1
fre-30-01143279-a;a;negative;0.5;soudain,soudaine,subit;-1
fre-30-02517265-a;a;neutral;0.5;invisible;-1
fre-30-00230335-a;a;positive;0.5;meilleur;-1
fre-30-00082241-a;a;negative;0.5;agressif;-1
fre-30-00631391-a;a;positive;0.5;bon,correct,corriger;-1
fre-30-01395617-a;a;positive;0.5;licite,légal;-1
fre-30-00697589-v;v;positive;0.5;décider,se décider;-1
fre-30-00607421-a;a;neutral;0.5;classique,conventionnel;-1
fre-30-01593649-a;a;neutral;0.5;habituel,normal;-1
fre-30-01336587-a;a;negative;0.5;idiot,stupide;-1
fre-30-00525453-a;a;positive;0.5;complet;-1
fre-30-00834198-a;a;positive;0.5;effectif,efficace;-1
fre-30-01148283-a;a;positive;0.5;heureux;-1
fre-30-01215421-v;v;negative;0.5;attraper,capturer;-1
fre-30-01664172-v;v;positive;0.5;cuire,cuisiner,faire,préparer;-1
fre-30-00933154-a;a;negative;0.5;cher,chère,coûteuse,coûteux,dispendieux;-1
fre-30-05629682-n;n;negative;0.5;Inferno,disparition,mort,perte;-1
fre-30-02547317-a;a;neutral;0.5;humide,mouillé;-1
fre-30-10547145-n;n;positive;0.5;saint;-1
fre-30-00621627-n;n;negative;0.5;effort,peine;-1
fre-30-00153263-v;v;positive;0.5;accroire,accroître,augmenter;-1
fre-30-00289365-a;a;positive;0.5;entier;-1
fre-30-00011093-r;r;positive;0.5;alors,bien,bon,puits;-1
fre-30-02551380-a;a;neutral;0.5;sec,sèche,sécher;-1
fre-30-00700451-a;a;neutral;0.5;définitif;-1
fre-30-02291843-a;a;negative;0.5;instable;-1
fre-30-03259505-n;n;positive;0.5;demeure,domicile,foyer,habitation,logement,maison;-1
fre-30-01334398-a;a;positive;0.5;intelligent;-1
fre-30-02331262-a;a;positive;0.5;gagnant,réussi;-1
fre-30-00312603-r;r;negative;0.5;désagréablement;-1
fre-30-03740161-n;n;positive;0.5;médicament,remède;-1
fre-30-00044760-a;a;neutral;0.5;aiguë;-1
fre-30-00269989-a;a;positive;0.5;clair,lumineux,lumière;-1
fre-30-02460502-a;a;positive;0.5;juste,vrai;-1
fre-30-00417413-a;a;positive;0.5;propre;-1
fre-30-00773432-v;v;negative;0.5;débattre;-1
fre-30-02412164-a;a;negative;0.5;faible,léger,maigre,mince;-1
fre-30-00464513-a;a;positive;0.5;logique;-1
fre-30-05718254-n;n;neutral;0.5;son;-1
fre-30-01811736-v;v;positive;0.5;exalter;-1
fre-30-01433493-a;a;positive;0.5;long;-1
fre-30-01369758-v;v;negative;0.5;casser;-1
fre-30-02368787-a;a;negative;0.5;acide,aigre,hargneux;-1
fre-30-05984936-n;n;positive;0.5;culture;-1
fre-30-01827535-a;a;negative;0.5;faible;-1
fre-30-00795720-n;n;neutral;0.5;entreprise,projet;-1
fre-30-00095320-r;r;neutral;0.5;bas,en bas;-1
fre-30-09505418-n;n;positive;0.5;dieu,divinité,déité,dévas,immortel;-1
fre-30-01858094-a;a;neutral;0.5;personnel,privé;-1
fre-30-02522267-a;a;neutral;0.5;volontaire;-1
fre-30-10677713-n;n;positive;0.5;admirateur,ami,champion,protagoniste;-1
fre-30-01975138-a;a;positive;0.5;pertinent;-1
fre-30-02326695-a;a;negative;0.5;têtu;-1
fre-30-01325774-v;v;negative;0.5;tuer;-1
fre-30-01036083-a;a;neutral;0.5;aborigène;-1
fre-30-01782519-a;a;negative;0.5;impie;-1
fre-30-00804695-a;a;positive;0.5;vivant;-1
fre-30-02621853-v;v;neutral;0.5;diviser,partager,répartir,séparer;-1
fre-30-00744916-a;a;negative;0.5;ardu,difficile,dur;-1
fre-30-05839024-n;n;neutral;0.5;forme,genre,sorte,type;-1
fre-30-00967129-a;a;neutral;0.5;singulier,étrange;-1
fre-30-03122748-n;n;neutral;0.5;couverture,revêtement;-1
fre-30-02288295-v;v;positive;0.5;acquérir,gagner,obtenir;-1
fre-30-01275562-a;a;positive;0.5;important;-1
fre-30-02495922-a;a;positive;0.5;utile;-1
fre-30-01156112-a;a;positive;0.5;molle,mou;-1
fre-30-01825671-a;a;positive;0.5;puissant;-1
fre-30-09917593-n;n;positive;0.5;bambin,enfant,môme;-1
fre-30-02225510-a;a;positive;0.5;adroit,compétent,habile,savant;-1
fre-30-02699497-v;v;neutral;0.5;correspondre,présenter,représenter,signifier,être debout;-1
fre-30-01449974-v;v;neutral;0.5;porter,transporter;-1
fre-30-05029706-n;n;positive;0.5;force;-1
fre-30-01466733-v;v;negative;0.5;chambouler,déranger;-1
fre-30-02210855-v;v;positive;0.5;acquérir,obtenir;-1
fre-30-01375174-a;a;neutral;0.5;connu;-1
fre-30-01038102-a;a;neutral;0.5;domestique,interne,intérieur,national;-1
fre-30-00156601-v;v;positive;0.5;accroître,augmenter;-1
fre-30-05200169-n;n;positive;0.5;aptitude,capacité;-1
fre-30-01129920-n;n;neutral;0.5;devoir,obligation,responsabilité;-1
fre-30-15032376-n;n;negative;0.5;poison,toxique;-1
fre-30-00488225-n;n;positive;0.5;Jeu de cartes,cartes,jeu de cartes;-1
fre-30-02109678-a;a;neutral;0.5;distinct,séparer;-1
fre-30-00624026-a;a;positive;0.5;considérable,important,imposant,majeur;-1
fre-30-02499629-v;v;negative;0.5;punir,pénaliser;-1
fre-30-01653873-v;v;positive;0.5;faire;-1
fre-30-00651991-v;v;neutral;0.5;différencier,distinguer,démarquer,singulariser;-1
fre-30-01734502-v;v;negative;0.5;confronter,double,doublon,redoubler,reproduire,répéter;-1
fre-30-02410393-a;a;positive;0.5;gros,épais;-1
fre-30-00217728-a;a;positive;0.5;beau;-1
fre-30-00011516-r;r;negative;0.5;faiblement,mal,malade;-1
fre-30-02176268-v;v;positive;0.5;faire;-1
fre-30-07502980-n;n;negative;0.5;dédain,mépris,mépriser;-1
fre-30-01436003-a;a;negative;0.5;court;-1
fre-30-07516354-n;n;negative;0.5;colère,ire;-1
fre-30-05040275-n;n;negative;0.5;faible,faiblesse;-1
fre-30-02570282-a;a;negative;0.5;absurde,imbécile,insensé,stupide;-1
fre-30-08108972-n;n;neutral;0.5;genre,groupe;-1
fre-30-01481154-v;v;neutral;0.5;suspendre;-1
fre-30-00995775-a;a;positive;0.5;favorable,propice;-1
fre-30-02661252-v;v;neutral;0.5;diverger,dévier,partir,varier;-1
fre-30-07371293-n;n;neutral;0.5;son;-1
fre-30-07181935-n;n;negative;0.5;conflit,différence,différend,dispute,litige;-1
fre-30-00875141-v;v;positive;0.5;préconiser,recommander;-1
fre-30-01972298-v;v;negative;0.5;tomber;-1
fre-30-02336449-a;a;negative;0.5;insuffisant;-1
fre-30-02321009-a;a;positive;0.5;fort,puissant;-1
fre-30-02488834-v;v;positive;0.5;marier,épouser;-1
fre-30-14589223-n;n;positive;0.5;solution;-1
fre-30-00831651-v;v;positive;0.5;informer;-1
fre-30-07355491-n;n;negative;0.5;décès,mort;-1
fre-30-00254369-r;r;neutral;0.5;sens horaire;-1
fre-30-02082218-a;a;negative;0.5;insatisfaisant,satisfaisant;-1
fre-30-00260648-v;v;positive;0.5;réparer;-1
fre-30-00643250-a;a;positive;0.5;créatif;-1
fre-30-02469835-v;v;neutral;0.5;s'unir,unifier;-1
fre-30-01945550-a;a;neutral;0.5;mutuel,réciproque;-1
fre-30-05663671-n;n;neutral;0.5;autorité,gouvernement;-1
fre-30-02666239-v;v;neutral;0.5;différer;-1
fre-30-08190482-n;n;negative;0.5;ennemi;-1
fre-30-05112609-n;n;positive;0.5;adéquation,suffisance;-1
fre-30-01672607-a;a;negative;0.5;courant,ordinaire;-1
fre-30-00503237-n;n;negative;0.5;échec;-1
fre-30-07526757-n;n;positive;0.5;bonheur,joie;-1
fre-30-00691696-a;a;negative;0.5;superficiel;-1
fre-30-00070965-n;n;negative;0.5;erreur,faute;-1
fre-30-13388245-n;n;neutral;0.5;pièce,pièce de monnaie;-1
fre-30-01340439-v;v;neutral;0.5;attacher,fixer,lier,relier;-1
fre-30-01708676-v;v;positive;0.5;danse,danser;-1
fre-30-01847672-a;a;neutral;0.5;absent;-1
fre-30-02497141-a;a;negative;0.5;accessoire,inutile;-1
fre-30-02057829-a;a;positive;0.5;coffre-fort,sauf;-1
fre-30-00018584-a;a;negative;0.5;inacceptable;-1
fre-30-00912048-v;v;negative;0.5;cri,crier,pleurer;-1
fre-30-00727564-a;a;positive;0.5;indépendant;-1
fre-30-01323958-v;v;negative;0.5;tuer;-1
fre-30-13125117-n;n;neutral;0.5;racine;-1
fre-30-02174896-a;a;positive;0.5;facile,pur,simple;-1
fre-30-07546465-n;n;negative;0.5;haine;-1
fre-30-00934199-a;a;positive;0.5;bon marché,peu coûteuse,peu coûteux,économique;-1
fre-30-00591519-v;v;positive;0.5;percevoir,saisir;-1
fre-30-01781478-a;a;positive;0.5;pieux;-1
fre-30-00105603-r;r;positive;0.5;diligemment,promptement,rapidement,vite;-1
fre-30-02204692-v;v;positive;0.5;avoir,disposer,posséder;-1
fre-30-00036935-r;r;positive;0.5;absolument,carrément,certainement,certes,décidément,définitivement,emphatiquement,fortement,pertinemment;-1
fre-30-01155354-a;a;negative;0.5;difficile,dur;-1
fre-30-01831531-v;v;neutral;0.5;déplacer;-1
fre-30-07945818-n;n;positive;0.5;subsistance,vivant;-1
fre-30-00219503-r;r;negative;0.5;désagréablement;-1
fre-30-02494356-v;v;negative;0.5;emprisonner,geôle,imprisonner,incarcerer,incarcérer,introduire,mettre,prison;-1
fre-30-10225219-n;n;positive;0.5;juge,juriste,justice,magistrat;-1
fre-30-00065488-a;a;negative;0.5;défavorable,nuisible;-1
fre-30-00086528-r;r;positive;0.5;rapidement,vite;-1
fre-30-05724694-n;n;negative;0.5;douleur,peine;-1
fre-30-00045123-a;a;neutral;0.5;chronique;-1
fre-30-00632438-a;a;negative;0.5;incorrect;-1
fre-30-00202284-n;n;negative;0.5;opposition,résistance;-1
fre-30-02510879-a;a;negative;0.5;violent;-1
fre-30-00088303-r;r;neutral;0.5;momentanément,passagèrement,provisoirement,temporairement;-1
fre-30-02386612-a;a;negative;0.5;court,petit;-1
