d_n-21478;n;neutral;0.3125;belasting,census,impost,schatting,taks;-1
d_n-10964;n;negative;0.3125;donker,donkerte,duister,duisternis;-1
c_667;a;positive;0.3125;verstandig,wijs;-1
n_a-520865;a;neutral;0.3125;onderling;-1
n_a-506960;a;negative;0.3125;consistent,dikvloeibaar,gebonden,geleiachtig,lijvig,stroopachtig,stroperig,viskeus;-1
c_269;a;positive;0.3125;fantastisch,geweldig;-1
d_v-8112;v;negative;0.3125;elimineren,neervellen,ombrengen,vellen,vermoorden;-1
n_a-515880;a;neutral;0.3125;kort,kortdurend,kortstondig;-1
d_n-17866;n;positive;0.3125;kukkel,kus,lik,smak,smok,zoen;-1
d_v-2417;v;positive;0.3125;bestaan,durven,vermeten,verstouten;-1
n_a-507710;a;neutral;0.416666666667;dubbel,tweevoudig;-1
d_v-2798;v;neutral;0.3125;delven,graven;-1
d_v-7521;v;neutral;0.3125;inviteren,noden,nodigen,uitnodigen,vragen;-1
d_n-30604;n;positive;0.3125;coöperatie,samenwerking;-1
d_v-9091;v;neutral;0.3125;zwaaien;-1
d_n-27009;n;neutral;0.3125;bal;-1
n_a-520661;a;negative;1.0;onbelangrijk,onnozel,triviaal,verwaarloosbaar;-1
d_n-15599;n;negative;0.3125;absentie,afwezendheid,afwezigheid,ontstentenis,verstek;-1
d_n-25468;n;neutral;0.3125;stilstand;-1
n_a-523583;a;negative;0.3125;banaal,laag-bij-de-gronds,plat,platvloers,plebejisch;-1
n_a-501199;a;positive;0.3125;aandachtig,attent,geconcentreerd,ingespannen,oplettend,opmerkzaam,perceptief;-1
d_v-8787;v;neutral;0.3125;echoën,nagalmen,naijlen,naklinken,resoneren,weergalmen,weerklinken;-1
d_a-9488;a;negative;0.3125;inactief,passief,werkeloos,werkloos;-1
d_v-4638;v;negative;0.3125;omgooien,omhalen,omkegelen,omkeilen,omkiepen,omkieperen,omknikkeren,omtrekken,omvergooien,omverkegelen,omverwerpen,omwerpen;-1
d_v-230;v;negative;0.3125;aanvallen,attaqueren,storten;-1
d_v-4633;v;negative;0.3125;kieperen,omflikkeren,omgaan,omkiepen,omkieperen,omkippen,omkukelen,omtuimelen,omvallen,omvervallen,omzwiepen;-1
d_v-4747;v;neutral;0.3125;onderzoeken;-1
d_v-4745;v;neutral;0.3125;doceren,geven,lesgeven,onderrichten,onderwijzen;-1
n_a-526012;a;negative;0.3125;druk,roerig,tumultueus,turbulent,woelig;-1
n_a-532257;a;neutral;0.3125;veranderlijk;-1
d_n-15241;n;negative;0.3125;ziekte;-1
d_n-26815;n;negative;0.3125;afscheiding;-1
n_a-532551;a;negative;0.3125;verliesgevend;-1
d_v-4846;v;neutral;0.625;ontslaan,wippen;-1
d_a-9155;a;negative;0.416666666667;alternatief;-1
n_a-532721;a;positive;0.3125;cognitief,intellectueel,rationeel,redelijk,verstandelijk;-1
n_a-513853;a;positive;0.3125;snel,vlug;-1
d_v-2468;v;positive;0.3125;beleven,ervaren,gevoelen,gewaarworden,ondervinden,ontmoeten;-1
d_n-22480;n;negative;0.3125;gaatje,gat;-1
n_a-521215;a;neutral;0.3125;agnostisch,areligieus,atheïstisch,goddeloos,ongelovig,ongodsdienstig;-1
d_v-8064;v;positive;0.3125;lichten,schijnen,verlichten;-1
d_n-11097;n;positive;0.3125;exaltatie,extase,geestvervoering,opgetogenheid,trance,verrukking,vervoering,zinsvervoering;-1
c_567;none;positive;0.625;fijn,teer;-1
c_562;a;negative;0.3125;krachteloos,slap,slapjes,zwak,zwakjes;-1
d_v-124;v;positive;0.3125;aanmoedigen,animeren,stimuleren;-1
d_v-8027;v;negative;0.3125;bederven,mispeuteren,verbroddelen,verbrodden,verbruien,verhaspelen,verknallen,verknoeien,verknollen,verprutsen,versjteren,verstieren;-1
d_v-3646;v;negative;0.3125;bazelen,dazen,fantaseren,ijlen,keutelen,kletsen,leuteren,lullen,o.h.-en,ohaën,ouwehoeren,raaskallen,razen,wauwelen,zwammen,zwetsen;-1
d_v-4102;v;positive;0.3125;autoriseren,committeren,machtigen,mandateren,volmachtigen;-1
d_v-128;v;positive;0.3125;aannemen,aanvaarden,accepteren;-1
d_v-1860;v;negative;0.3125;dalen;-1
c_254;none;negative;1.0;boos,kwaad,malicieus;-1
d_n-24666;n;negative;0.3125;cocotte,gondel,hip,hoer,kalle,lichtekooi,prostituee,prostituée,slons,snol,temeier;-1
n_a-501309;a;positive;0.3125;aanlokkelijk,aantrekkelijk,attractief,begeerlijk,begerenswaard,begerenswaardig;-1
d_a-9598;a;positive;0.3125;onbelemmerd,onbeperkt,onverlet,vrij;-1
n_a-508343;a;neutral;0.625;enkel,enkelvoudig;-1
n_a-530609;a;negative;0.416666666667;bedrukt,beklemd,bezwaard,gedeprimeerd,gedrukt,terneergedrukt,terneergeslagen;-1
d_v-2428;v;negative;0.3125;dwingen,gedwongen;-1
d_n-34940;n;positive;0.3125;glans,glitter,grandeur,grootsheid,heerlijkheid,luister,majesteit,praal,pracht,schittering;-1
d_a-9590;a;positive;0.3125;adult,groot,rijp,volwassen;-1
d_v-561;v;negative;0.3125;afjatten,afnemen,afpakken,afpikken,benemen,ontnemen,ontstelen;-1
c_709;none;positive;0.416666666667;fit,gezond;-1
d_n-26141;n;neutral;0.3125;apriori,a-priori,apriorisme,assumptie,basisbegrip,grondbegrip,hypothese,postulaat,premisse,presumptie,presuppositie,suppositie,vooronderstelling;-1
d_n-39792;n;positive;0.3125;assistentie,bijstand,hulp,hulpbetoon,hulpverlening,medewerking;-1
d_a-9381;a;negative;0.3125;lelijk,onaantrekkelijk,onesthetisch,onooglijk;-1
d_a-9380;a;positive;0.3125;appetijtelijk,lekker,smakelijk;-1
d_v-8106;v;negative;0.3125;minderen,reduceren,terugbrengen,verkleinen,verminderen;-1
d_n-23469;n;neutral;0.3125;kunst;-1
n_a-503694;a;positive;0.3125;befaamd,beroemd,fameus,gerenommeerd,gereputeerd,illuster,roemrucht,roemruchtig,vermaard;-1
n_a-501793;a;neutral;0.416666666667;afhankelijk;-1
d_v-7813;v;positive;0.3125;verbeteren;-1
d_n-39626;n;neutral;0.3125;haven;-1
d_v-7816;v;positive;0.3125;emenderen,herwerken,verbeteren;-1
d_v-7814;v;positive;0.3125;verbeteren;-1
d_v-1268;v;neutral;0.3125;bestaan,existeren;-1
d_v-8448;v;negative;0.3125;afzwakken,kwijnen,ontspannen,tanen,verbleken,verflauwen,verslappen,verweken,verwijven,verzwakken;-1
d_n-31553;n;negative;0.3125;bedroefdheid,droefenis,droefheid,kommer,pijn,smart,treurigheid,treurnis,triestheid,verdriet,wee;-1
n_a-501310;a;positive;0.3125;aantrekkelijk,bekoorlijk,bevallig,charmant,lieftallig;-1
d_v-8440;v;positive;0.3125;oppassen,verzorgen;-1
d_n-37070;n;negative;0.3125;gezegde,uiting;-1
n_a-535103;a;negative;0.3125;kras,miraculeus,ongelofelijk,ongelofeloos,ongelooflijk,onwaarschijnlijk,wonder,wonderbaar,wonderbaarlijk,wonderlijk;-1
d_n-26581;n;positive;0.3125;Christus,de Redder,de Verlosser,Galileeër,Godmens,godslam,Godslam,Heiland,heilsprofeet,Heilsprofeet,Jezus,Jezus Christus,Lieveheer,mensenzoon,Mensenzoon,messias,Messias,Nazareeër,opperherder,Opperherder,redder,Redder,Zaligmaker;-1
d_n-30328;n;neutral;0.3125;beheerraad,board,raad,raadscollege;-1
d_v-6784;v;negative;0.3125;stilstaan;-1
d_n-39427;n;negative;0.3125;geweer,proppenschieter,proppeschieter,schietgeweer,schietijzer,spuit;-1
n_a-503878;a;positive;0.3125;betrouwbaar,degelijk,getrouw,solide,vertrouwenwekkend;-1
n_a-521665;a;negative;0.3125;onrijp,onvolgroeid,onvolwassen;-1
n_a-532179;a;negative;1.0;gerust,risicoloos,secuur,veilig,zeker;-1
c_178;none;positive;1.0;mooi,puik;-1
c_177;a;negative;0.3125;gemeen,naar,slecht;-1
c_175;a;positive;0.3125;aardig,sympathiek,vriendelijk;-1
c_174;a;negative;0.3125;slecht,vervelend;-1
n_a-503527;a;positive;0.3125;attent,beleefd,bescheiden,heus,hoffelijk,voorkomend,wellevend;-1
n_a-502571;a;negative;0.3125;aanmatigend,arrogant,hautain,hooghartig,hoogmoedig,hovaardig,superieur,trots;-1
d_a-9505;a;positive;0.416666666667;bemiddeld,draagkrachtig,gefortuneerd,gegoed,gezeten,kapitaalkrachtig,vermogend,welgesteld;-1
d_n-26132;n;positive;0.3125;plus,pluspunt,prae,pre,pré,voordeel,winstpunt;-1
d_a-9502;a;positive;0.3125;goedlopend,leefbaar,lonend,lucratief,productief,profijtelijk,profitabel,rendabel,winstgevend;-1
n_a-502271;a;negative;0.3125;afschrikwekkend,angstaanjagend,angstig,angstwekkend,beangstigend,schrikaanjagend,schrikwekkend,vervaarlijk,vreesaanjagend,vreeswekkend;-1
d_n-38382;n;negative;0.3125;bevel,commando,gebod,order,sommering;-1
d_a-9509;a;negative;0.3125;beweeglijk,drukdoenerig,ongedurig,roerig,rusteloos;-1
d_a-9272;a;negative;0.3125;breedgebouwd,fiks,flinkgebouwd,fors,forsgebouwd,grofgebouwd,potig,robuust,stevig,vierkant,zwaargebouwd;-1
d_a-9374;a;neutral;0.3125;laag;-1
d_a-9375;a;negative;0.416666666667;blohartig,kleinhartig,kleinmoedig,labbekakkerig,laf,lafhartig;-1
d_v-6716;v;positive;0.3125;harmoniseren,normaliseren,normeren,standaardiseren;-1
d_a-9373;a;positive;0.3125;bekwaam,bevoegd,capabel,competent,gespecialiseerd,kundig;-1
d_n-28418;n;positive;0.3125;held,heldin,romanheld;-1
d_n-37203;n;negative;0.3125;derving,gemis,verlies;-1
d_v-7962;v;neutral;0.3125;amplificeren,vergroten;-1
d_a-9379;a;negative;0.3125;leeg,lens;-1
n_a-514889;a;positive;0.416666666667;keurig,onberispelijk;-1
n_a-535779;a;negative;0.3125;doelloos,nutteloos,ondienstig,onnut,tevergeefs,vergeefs,verloren,vruchteloos,zinledig,zinloos;-1
d_v-7783;v;negative;0.3125;kampen,knokken,matten,strijden,vechten;-1
n_a-531696;a;positive;0.3125;brooddronken,dol,jolig,uitbundig,uitgelaten;-1
d_n-17589;n;positive;0.3125;dienst,eredienst,kerkdienst,liturgie,viering;-1
n_a-509995;a;negative;0.3125;abnormaal,achterlijk,besodemieterd,betoeterd,bezopen,crazy,dwaas,gaga,geflipt,gek,geschuffeld,gesjochten,gestoord,getikt,getroebleerd,halfgaar,halfwijs,inept,kierewiet,kolderiek,krankjorum,krankzinnig,lijp,maf,mal,mallotig,mesjoche,mesjokke,toktok,tureluurs,verknipt,zot;-1
d_n-40768;n;positive;0.3125;courage,dapperheid,durf,flinkheid,guts,koenheid,lef,moed,onversaagdheid;-1
n_a-520625;a;negative;0.3125;onbedreven;-1
n_a-520627;a;negative;0.3125;beuzelachtig,futiel,gering,kwezelachtig,marginaal,min,nietsbetekenend,onaanzienlijk,onbeduidend,onbetekenend,weinigzeggend;-1
d_n-39335;n;negative;0.3125;gebrek,gemis,ontstentenis,tekort;-1
d_v-7763;v;neutral;0.3125;beetkrijgen,beetnemen,beetpakken,nemen,pakken,vastgrijpen,vastpakken,vatten;-1
n_a-516735;a;neutral;0.3125;lang,langdurig,langlopend;-1
d_v-3862;v;negative;0.3125;afknijpen,geselen,kwellen,martelen,pijnigen,plagen,teisteren,tormenteren;-1
d_v-8213;v;positive;0.3125;decoreren,opsieren,opsmukken,optooien,optuigen,tooien,verfraaien,versieren;-1
d_a-9431;a;negative;0.3125;affreus,naar,onaangenaam,onplezierig,onprettig;-1
n_a-510462;a;neutral;0.3125;gerechtelijk,judicieel,justitieel,rechterlijk;-1
d_a-9435;a;negative;0.3125;incompetent,onbevoegd;-1
n_a-520958;a;negative;0.3125;onduidelijk,troebel;-1
c_680;none;positive;0.625;correct,goed,juist,recht;-1
c_682;none;negative;1.0;;-1
n_a-518806;a;negative;1.0;matig,mediocre,middelmatig,modaal,zwak;-1
d_a-9207;a;negative;0.3125;astrant,brutaal,familiaar,familiair,frank,impertinent,onbeschaamd,onbescheiden,vrijpostig;-1
d_n-13808;n;negative;0.3125;infractie,schending,schennis,violatie;-1
n_a-532927;a;negative;0.3125;vet;-1
n_a-509314;a;negative;0.3125;fout,foutief,mis,onjuist,onzuiver,verkeerd;-1
n_a-518465;a;neutral;0.3125;meervoudig,samengesteld;-1
d_v-5947;v;positive;0.3125;behouden,redden;-1
d_n-21542;n;neutral;0.3125;beweging;-1
d_v-5861;v;negative;0.3125;aankloten,aanmodderen,aanrommelen,broddelen,flodderen,klooien,kloten,klungelen,knoeien,mieren,modderen,otteren,pielen,rommelen,rotzooien,wurmen;-1
d_v-7;v;positive;0.3125;aanbidden,adoreren,dwepen,verafgoden,vergoddelijken,weglopen;-1
d_n-26368;n;negative;0.3125;frenesie,furie,gram,gramschap,nijd,razernij,toorn,verbolgenheid,woede,woestheid;-1
d_n-10834;n;negative;0.3125;dief,dievegge,gapper,jatmoos,jatter,langvinger,pikker;-1
d_a-9618;a;negative;0.3125;bloedlink,duivels,fulminant,furieus,giftig,hels,laaiend,pisnijdig,pissig,rabiaat,razend,rebels,spinnijdig,witheet,woedend,woest,ziedend;-1
c_528;none;positive;1.0;knap;-1
c_529;none;negative;1.0;lelijk,vilein;-1
d_n-14061;n;negative;0.3125;potentiaal,spanning,stroom;-1
d_a-9613;a;positive;0.3125;bestaand,effectief,eigenlijk,existent,feitelijk,fysiek,natuurlijk,reëel,waarachtig,werkelijk;-1
d_v-8;v;neutral;0.3125;aanbieden,bieden,brengen,lenen,offreren,presenteren;-1
d_v-2420;v;negative;0.3125;douwen,duwen;-1
d_v-2421;v;negative;0.3125;duwen;-1
d_n-30732;n;negative;0.3125;schuld;-1
d_v-3606;v;positive;0.3125;bevredigen,klaarmaken;-1
c_294;none;positive;1.0;gaaf,vet;-1
d_v-8069;v;negative;0.3125;kwijtraken,verliezen;-1
c_292;none;negative;0.625;gevaarlijk,gis,link;-1
c_291;none;positive;0.3125;breed,wijd;-1
n_a-526929;a;positive;0.625;scherp;-1
d_v-9041;v;negative;0.3125;emmeren,griepen,lazeren,mauwen,meieren,mekken,mekkeren,mieren,neuzelen,piepen,reutelen,zaniken,zeiken,zemelen,zemelknopen,zeuren,zeveren,zieken;-1
d_n-39053;n;negative;0.3125;achterlijke,debiel,druif,dwaas,gek,halvezool,idioot,imbeciel,kwibus,lijp,lijpo,mafkees,mafketel,mafkikker,malloot,nar,piechem,zot;-1
d_n-23635;n;negative;0.3125;lijder;-1
d_n-32856;n;negative;0.3125;blok,blokje;-1
d_n-20309;n;neutral;0.3125;alteratie,verandering,wijziging;-1
n_a-520969;a;negative;0.416666666667;deloyaal,oneerlijk;-1
n_a-517096;a;positive;0.3125;levend;-1
n_a-520963;a;negative;0.625;onecht;-1
d_v-6213;v;neutral;0.3125;bijeenkomen,samenkomen,verenigen,verzamelen;-1
d_n-30590;n;negative;0.3125;bonje,disharmonie,heibel,herrie,kif,kift,kwestie,mot,onaangenaamheden,onaangenaamheid,onenigheid,onmin,onvrede,ruzie,stront,trammelant,twist;-1
d_n-29921;n;negative;0.3125;overschot,plus,surplus,teveel;-1
d_n-41090;n;positive;0.3125;oplossing;-1
n_a-509929;a;positive;0.3125;gefundeerd,gegrond,gewettigd,legitiem;-1
d_n-40908;n;neutral;0.3125;niet-ingezetene;-1
d_n-21490;n;negative;0.3125;augiasstal,beestenbende,beestenboel,bende,janboel,kankerzooi,keet,klerezooi,prulleboel,prullenboel,puinhoop,rommel,rommelzooi,rotzooi,soepzootje,teringzooi,troep,warboel,zooi,zootje,zwijneboel,zwijnekeet,zwijnenboel,zwijnenkeet,zwijnenpan,zwijnenstal,zwijnepan,zwijnestal,zwijnezooi;-1
n_a-515377;a;positive;0.3125;knap,leuk,mooi,schoon;-1
d_v-8403;v;negative;0.3125;kwetsen,verwonden;-1
n_a-532685;a;negative;0.3125;afgrijselijk,afschuwelijk,gruwelijk,hels,ijselijk,schrikbarend,vreselijk;-1
d_v-4023;v;neutral;0.3125;gaan,lopen,treden;-1
d_v-3049;v;negative;0.3125;huilen,janken,krijten,schreien,wenen;-1
d_n-34818;n;positive;0.3125;heerlijkheden,heerlijkheid,lekkernij,lekkers;-1
d_n-34795;n;neutral;0.3125;evangelie,leer,leerstelsel,theorie;-1
d_v-7613;v;negative;0.3125;aanhouden,opschuiven,uitstellen,verschuiven,vertragen;-1
d_v-7203;v;neutral;0.3125;bijdoen,bijhalen,bijvoegen,toevoegen,voegen;-1
n_a-503477;a;negative;0.3125;dorps,enggeestig,geborneerd,huisbakken,kleinsteeds,kleinzielig,pietluttig,provinciaal;-1
d_n-25941;n;positive;0.3125;aggregatie,conjunctie,junctie,samenvoeging,vereniging;-1
n_a-507803;a;positive;0.625;dun,dunnetjes;-1
d_a-9413;a;positive;0.3125;fraai,mooi;-1
d_n-40234;n;positive;0.3125;big boss,big shot,bobo,bons,hotemetoot,hotemetotem,kanon,kopstuk,prominent,topman,VIP,voorman;-1
d_n-20762;n;negative;0.3125;wond;-1
d_n-16984;n;negative;0.3125;erwtenteller,geldduivel,geldwolf,gierigaard,knakenpoetser,knibbelaar,knijper,krent,krentenkakker,krentenweger,kribbebijter,kribbenbijter,kruimelaar,pezewever,pin,potschrap(p)er,potschraper,potter,schraper,vrek;-1
n_a-512115;a;positive;0.3125;fel,gepassioneerd,hartstochtelijk,vlammend,vurig;-1
n_a-503401;a;positive;0.3125;begrijpelijk,bevattelijk,doorzichtig,duidelijk,helder,inzichtelijk,klaar;-1
n_a-515500;a;negative;0.3125;afstandelijk,kil,koel,koeltjes,koud;-1
n_a-520562;a;negative;0.3125;onaandachtig;-1
n_a-507607;a;negative;0.3125;bedroevend,bitter,triestig,verdrietig,vreugdeloos;-1
d_v-1217;v;positive;0.3125;beschermen,beschutten,bewaren,preserveren,protegeren,vrijwaren;-1
d_v-1213;v;negative;0.3125;beschadigen,havenen,schenden;-1
d_n-37247;n;negative;0.3125;eliminatie,verwijdering;-1
d_v-7108;v;postive;0.3125;bevredigen,tevredenstellen,vergenoegen,voldoen,volstaan;-1
d_n-12393;n;positive;0.3125;affaire,amourette,avontuurtje,liaison,liefdesaffaire,liefdesgeschiedenis,romance,scharrel,vrijage;-1
d_n-12394;n;positive;0.3125;beminnaar,liefhebber,minnaar;-1
d_v-11;v;positive;0.3125;aanbieden;-1
n_a-503941;a;positive;0.3125;bevoegd,gerechtigd;-1
n_a-516007;a;positive;0.3125;ferm,flink,krachtig,sterk;-1
d_v-2557;v;positive;0.3125;flirten,koketteren,sjansen;-1
d_v-7334;v;positive;0.3125;excelleren,schitteren,uitblinken,uitmunten;-1
c_125;none;negative;0.416666666667;bekrompen,benepen,klein,kleingeestig;-1
n_a-531691;a;positive;0.625;droog,schraal,uitgedroogd;-1
d_v-8818;v;negative;0.3125;afnokken,aftaaien,gaan,heengaan,moven,nokken,opbreken,opdonderen,opduvelen,opflikkeren,ophoepelen,opkramen,opkrassen,oplazeren,opmieteren,oprotten,oprukken,opsodemieteren,opstappen,vertrekken,weggaan,wegwezen;-1
n_a-510254;a;neutral;0.3125;collectief,communaal,communautair,gemeen,gemeenschappelijk,gezamenlijk;-1
d_n-36785;n;positive;0.3125;betoelaging,overheidssteun,overheidssubsidie,rijksbijdrage,rijkssubsidie,staatssteun,subsidie;-1
d_v-6322;v;negative;0.3125;schieten;-1
n_a-511184;a;positive;1.0;benigne,goedaardig;-1
d_n-14973;n;positive;0.3125;digniteit,waardigheid;-1
n_a-511181;a;positive;0.3125;goed,goedaardig;-1
d_a-9476;a;neutral;0.3125;geopend,open;-1
d_n-26004;n;negative;0.3125;bederf,degeneratie,ontaarding,verval,verwording;-1
n_a-501617;a;positive;0.3125;actief,bedrijvend;-1
c_645;a;neutral;0.3125;aanzienlijk,aardig,beduidend,behoorlijk,belangrijk,considerabel,flink,fors,gevoelig,groot,heel,hoog,knap,merkelijk;-1
d_a-9577;a;negative;0.3125;ellendig,godgevloekt,klote,kloterig,kut,lam,lullig,misselijk,rot,rottig,shit,verdomd,verdraaid,verduiveld,verduveld,vermaledijd,verrekt,verrot,vervloekt,verwenst;-1
d_v-7279;v;negative;0.3125;beiden,dralen,dreutelen,lijmen,lijntrekken,neutelen,talmen,teuten,treuzelen,tutten;-1
d_a-9573;a;neutral;0.3125;anders,different,disparaat,divers,gedifferentieerd,onderscheiden,uiteenlopend,verscheiden,verschillend;-1
d_a-9244;a;negative;0.3125;afgeschoten,beschonken,bezopen,dronken,kachel,keil,meloet,onbekwaam,sikker,teut,zat;-1
d_a-9323;a;positive;0.3125;bevorderlijk,favorabel,gunstig,positief;-1
d_a-9248;a;neutral;0.3125;duidelijk,helder,kennelijk,klaarblijkelijk;-1
d_a-9249;a;positive;0.625;dun;-1
d_a-9325;a;negative;0.3125;hard,onzacht;-1
d_n-44108;n;negative;0.3125;babbelaar,babbelaarster,babbelkous,kakel,klep,klepzeiker,klessebes,klets,kletskont,kletskop,kletskous,kletsmajoor,kletsmeier,kletstante,kwebbel,kwek,leuteraar,leuterkous,lulmeier,ratel,rebbel,teut,teutebel,theetante,wafel,wauwelaar;-1
d_v-2783;v;negative;0.3125;bliksemen,donderen,flikkeren,gooien,jenzen,kegelen,keilen,kieperen,knikkeren,kogelen,kukelen,kwakken,lazeren,mikken,plompen,werpen,zwiepen;-1
d_v-6554;v;negative;0.3125;snijden;-1
d_n-41029;n;negative;0.3125;aanstoker,aanzetter,agitator,herrieschopper,onruststoker,onrustzaaier,oproerkraaier,opruier,paniekzaaier,provocateur,raddraaier,roervink,stemmingmaker,stokebrand,stoker,woelgeest;-1
d_v-5822;v;positive;0.3125;opgeilen,opvrijen,opwinden,prikkelen;-1
n_a-503317;a;neutral;0.3125;beeldend,beeldrijk,evocatief,figuratief,neofiguratief,plastisch,schilderachtig,suggestief,tekenachtig;-1
n_a-521254;a;negative;0.625;incorrect,onjuist,onterecht,onwaar,vals;-1
d_n-24775;n;positive;0.3125;promotie,promoting,reclame,salespromotion,sales-promotion,verkoopbevordering;-1
d_n-29285;n;negative;0.3125;boer,boerenhufter,boerenkaffer,boerenkarhengst,boerenkinkel,boerenlul,boerenpummel,botterik,grobbejanus,heikneuter,hork,hufter,kaffer,kinkel,lomperd,lomperik,palurk,plebejer,plomperd,proleet,pummel,raudauwer,rouwdouw,rouwdouwer,vlegel,woudezel;-1
c_399;a;positive;0.3125;in bonis,rijk;-1
c_398;none;negative;0.416666666667;dik,omvangrijk,volumineus;-1
n_a-520665;a;negative;0.3125;onbeleefd,onheus,onhoffelijk,onwellevend;-1
n_a-520774;a;negative;0.3125;onbuigzaam,stijf,stug,weerbarstig;-1
c_392;a;positive;0.3125;gemakkelijk,makkelijk,soepel;-1
c_391;none;neutral;1.0;moeilijk;-1
d_v-2706;v;neutral;0.3125;geven;-1
d_v-8222;v;negative;0.3125;verarmen,verslechteren;-1
c_394;none;negative;0.625;stil;-1
d_n-15717;n;positive;0.3125;assistent,assistente;-1
d_v-2690;v;positive;0.3125;genieten;-1
d_n-16729;n;negative;0.3125;dweper,fanaat,fanaticus,freak,gedrevene;-1
n_a-521380;a;negative;0.3125;onrechtvaardig;-1
n_a-509078;a;positive;0.625;fleurig,kiplekker,tierig;-1
n_a-533319;a;positive;0.3125;vlot;-1
d_v-1559;v;positive;0.3125;blijven,plakken;-1
d_n-37586;n;positive;0.3125;baat,baten,gewin,winst,winstcijfer,winstcijfers;-1
d_n-26825;n;negative;0.3125;afval;-1
n_a-522302;a;neutral;0.625;exuberant,overdadig,overladen,pompeus;-1
n_a-535264;a;negative;1.0;lichtjes,zacht;-1
d_n-41057;n;negative;0.3125;apekool,beuzelarij,bullshit,dwaasheid,flauwekul,gebeuzel,gekakel,gekkenpraat,geklets,gekwek,gelul,geneuzel,ge-o-ha,geouwehoer,geraaskal,gewauwel,gezwam,gezwets,klets,kletskoek,kletspraat,kolder,kul,kwatsch,kwezelarij,larie,lariekoek,leuterkoek,leuterpraat,lulkoek,nonsens,onzin,quatsch,shit,wijvenpraat,zever,zottenpraat;-1
d_n-21515;n;positive;0.3125;begrip,benul,besef,notie,onderkenning,verstajem;-1
d_a-9144;a;positive;0.3125;actief,bezig,gaande;-1
d_v-5857;v;negative;0.3125;protesteren,steigeren;-1
c_267;none;negative;0.625;ontzettend,verschrikkelijk,vreselijk;-1
c_518;none;positive;0.625;droog;-1
d_v-7179;v;neutral;0.3125;toerekenen,toeschrijven;-1
d_n-10314;n;neutral;0.3125;activiteit,bezigheid,occupatie,werkzaamheden,werkzaamheid;-1
d_n-19902;n;negative;0.3125;strijd;-1
d_n-10312;n;positive;0.3125;bewuste,bewustheid,bewustzijn,bovenbewustzijn;-1
n_a-509936;a;negative;0.3125;gehandicapt,ongelukkig;-1
n_a-519123;a;positive;0.3125;dapper,kloek,kloekmoedig,koen,kranig,moedig,onbevreesd,onversaagd,onverschrokken,onvervaard,stout;-1
d_v-8687;v;positive;0.3125;voorzien;-1
d_n-17449;n;neutral;0.3125;ingezetene,inwoner;-1
n_a-508670;a;negative;0.3125;experimenteel;-1
c_303;none;neutral;0.416666666667;kaal;-1
d_v-3105;v;negative;0.3125;aanvreten,bijten,corroderen,inbijten,invreten,uitbijten,uitvreten;-1
d_a-9588;a;positive;0.3125;vol;-1
d_a-9587;a;negative;1.0;klef,nattig;-1
d_a-9586;a;neutral;0.3125;vloeibaar;-1
d_a-9580;a;positive;0.625;mager,vetarm;-1
d_v-1258;v;neutral;0.3125;bepraten,bespreken;-1
d_n-20336;n;positive;0.3125;vergroting,verhoging;-1
d_n-38309;n;neutral;0.3125;basisprincipe,beginsel,grondbeginsel,grondregel,grondstelling,hoofdregel,maxime,oerprincipe,principe;-1
d_n-38308;n;positive;0.3125;aanvang,begin,beginperiode,intrede,opmaat;-1
n_a-533034;a;negative;0.625;onappetijtelijk,onsmakelijk,smerig,vies;-1
d_n-15777;n;neutral;0.3125;bal;-1
d_n-32347;n;positive;0.3125;aanpassing,accommodatie,adaptatie,assimilatie,modificatie;-1
d_v-1153;v;negative;0.3125;benadelen,duperen,gedupeerd,laederen,pakken,schaden,vergrijpen;-1
d_v-1155;v;positive;0.3125;aanzoeken,benaderen,contacteren;-1
d_n-35380;n;negative;0.3125;obscuriteit,onbekendheid;-1
n_a-513345;a;positive;0.3125;arbeidzaam,diligent,ijverig,naarstig,nijver,noest,vlijtig,werkzaam;-1
d_v-1158;v;positive;0.3125;aanzetten,accentueren,beklemtonen,benadrukken,hameren,onderlijnen,onderstrepen,tamboereren;-1
n_a-501386;a;positive;0.3125;aimabel,beminnelijk,geschikt;-1
d_a-9289;a;positive;0.3125;gehoorzaam,willig;-1
d_n-24633;n;negative;0.3125;kwestie,probleem,vraag,vraagstuk;-1
d_v-6733;v;negative;0.3125;priemen,steken;-1
d_v-8507;v;neutral;0.3125;spijzen,spijzigen,voeden;-1
n_a-506738;a;positive;0.3125;deugdzaam,eerbaar,eerzaam,onbedorven,onbezoedeld,onschuldig,onverdorven,rein,schoon,zedig,zuiver;-1
d_a-9337;a;neutral;0.3125;hoog;-1
d_n-30231;n;positive;0.3125;prijs;-1
d_v-7379;v;negative;0.3125;scheiden,splitsen,uiteengaan,verdelen;-1
d_v-3905;v;neutral;0.3125;laten;-1
c_168;a;positive;0.3125;goed;-1
n_a-506736;a;neutral;0.3125;deugdelijk,hecht,massief,onfeilbaar,proefhoudend;-1
d_v-472;v;negative;0.3125;afkeuren,gispen,laken,misprijzen;-1
n_a-507830;a;positive;0.3125;blijvend,durabel,durend,duurzaam,permanent;-1
d_v-2037;v;negative;0.3125;doden,doodmaken,kapotmaken;-1
d_v-4916;v;positive;0.3125;ontzien,sparen;-1
n_a-527873;a;negative;0.3125;droevig,kwalijk,treurig,triest,triestig;-1
d_a-9536;a;positive;0.625;gespierd,krachtig,sterk;-1
d_a-9537;a;negative;0.3125;;-1
c_167;V;negative;0.416666666667;afleggen;-1
d_v-7795;v;negative;0.3125;kotsen,verafschuwen,verfoeien;-1
n_a-526328;a;positive;1.0;dik;-1
d_a-9285;a;positive;0.3125;geestig,humoristisch,luimig;-1
d_a-9288;a;negative;0.416666666667;geheim,sub rosa;-1
d_n-31725;n;neutral;0.3125;vogel,vogeltje;-1
d_v-6463;v;negative;0.3125;geslagen,slaan;-1
n_a-532342;a;negative;0.3125;bedroefd,droef,droevig,treurig,triest,verdrietig;-1
d_a-9367;a;neutral;0.3125;achromatisch,kleurloos,ongekleurd,zwart-wit;-1
d_v-2822;v;positive;0.3125;groeten;-1
d_n-20854;n;negative;0.3125;doordrammer,doordraver,drammer,drein,dreiner,jengel,oudwijf,teem,ultra,zaag,zageman,zanik,zaniker,zanikpot,zeiker,zeiksnor,zeikstraal,zeikvent,zemel,zemelaar,zemelap,zeur,zeurkous,zeurpiet,zever,zeveraar;-1
d_a-9361;a;negative;0.3125;defect,kaduuk,kapoeres,kapoerewiet,kapot,onklaar,stuk;-1
d_a-9360;a;positive;0.3125;apollinisch,bedaard,kalm,placide,rustig;-1
d_v-7978;v;negative;0.3125;beletten,letten,verhinderen,verletten;-1
d_n-12916;n;negative;0.3125;onderbewuste,onderbewustzijn;-1
d_n-28012;n;negative;0.3125;fobie;-1
n_a-531380;a;positive;0.3125;trouw;-1
d_n-40847;n;negative;0.3125;beroerling,ellendeling,etter,etterbak,etterbuil,fielt,fluim,gemenerik,hond,hondelul,hondenlul,kankerlijer,kelerelijder,kelerelijer,klerelijer,kloot,kloothommel,klootspiraal,klootzak,kwal,lamgat,lammeling,lamstraal,lamzak,lazersteen,lazerstraal,lelijkerd,loeder,lul,lulhannes,lulletje,miesgasser,mispunt,naarling,onverlaat,paardelul,paardenlul,patjakker,pleurislijder,ploert,plurk,pokkenlijder,pokkenlijer,pokkenvent,pooier,rasploert,reptiel,rotzak,schoelje,schoft,sekreet,serpent,smeerlap,smiecht,stinker,stinkerd,teringlijder,tyfuslijer,vuilak,zak,zakkenwasser,zwijn;-1
n_a-518279;a;negative;1.0;duizendkoppig,massaal;-1
d_v-5254;v;positive;0.3125;oprijzen,opstaan,rijzen,verheffen,verrijzen;-1
d_n-18340;n;negative;0.3125;manslag,moord;-1
d_v-1630;v;negative;0.3125;aanbotsen,bonken,botsen,caramboleren,stoten;-1
n_a-519716;a;positive;0.3125;accuraat,consciëntieus,nauwgezet,nauwkeurig,precies,prompt,punctueel,scrupuleus,secuur,stipt;-1
d_v-2507;v;positive;0.3125;biologeren,fascineren,intrigeren;-1
d_n-10261;n;negative;0.3125;beknotting,beperking,inperking,limitatie,restrictie,terugdringing;-1
n_a-510294;a;positive;0.3125;gemotiveerd;-1
d_n-27075;n;negative;0.3125;begeerte,dorst,honger,koorts,zucht;-1
d_n-14941;n;positive;0.3125;amice,compagnon,deelgenoot,gabber,gezel,kameraad,kompaan,kornuit,maat,makker,vriend,vriendin,vrind;-1
n_a-520565;a;negative;0.3125;onaangedaan,onberoerd,onbewogen,ongeëmotioneerd,ongeroerd;-1
n_a-521606;a;negative;0.3125;gedoemd,inevitabel,noodwendig,noodzakelijk,onafwendbaar,onherroepelijk,onontkoombaar,onvermijdelijk;-1
n_a-524336;a;positive;0.3125;bewonderenswaard,bewonderenswaardig,loffelijk,lofwaardig,lovenswaardig,prijselijk,prijzenswaard,prijzenswaardig,respectabel,verdienstelijk;-1
d_n-19839;n;positive;0.3125;steun,stut;-1
d_v-4310;v;positive;0.3125;begeesteren,enthousiasmeren,motiveren,opwarmen;-1
n_a-511389;a;positive;0.3125;amusant,geinig,komiek,komisch,lachwekkend,leutig,vermakelijk;-1
c_696;none;neutral;0.416666666667;overtogen;-1
d_a-9215;a;negative;1.0;compact,dicht,dik;-1
d_v-6352;v;positive;0.3125;doen,kuisen,reinigen,schoonmaken;-1
d_v-1023;v;negative;0.3125;bedonderen,bedriegen,bedrogen,beduvelen,belazeren,besjoemelen,besodemieteren,kloten,naaien,oetsen,verlakken,vernachelen,verneuken,verneuriën;-1
d_n-18847;n;negative;0.3125;pijn,zeer;-1
n_a-503731;a;positive;0.3125;beschaafd,keurig,salonfähig,welgemanierd,welopgevoed;-1
d_n-38865;n;neutral;0.3125;deel,gedeelte,part,stuk,stukje;-1
d_a-9620;a;positive;0.3125;zacht;-1
d_a-9627;a;negative;0.3125;krank,ziek;-1
d_n-24171;n;positive;0.3125;cursus,les,onderricht,onderwijs;-1
d_v-8484;v;negative;0.3125;pluimstrijken,stroopsmeren,vleien;-1
d_n-15947;n;positive;0.3125;bijeenkomst,bijeenzijn,samenkomst,samenzijn;-1
d_v-5819;v;positive;0.3125;loven,prijzen,roemen,zegenen;-1
n_a-521047;a;negative;0.3125;gratuit,ijdel,ongefundeerd,ongegrond,ongemotiveerd,ongerechtvaardigd,ongewettigd;-1
d_n-22950;n;positive;0.3125;hulp,hulpje,hulpmiddel,utiliteit;-1
c_340;none;negative;1.0;antipathiek;-1
d_n-11187;n;negative;0.3125;afdwaling,feil,fout,lapsus,onjuistheid;-1
c_342;none;negative;1.0;degelijk,solide,sterk,stevig;-1
c_343;none;positive;0.625;hard;-1
d_n-23079;n;neutral;0.3125;jacht,jachtpartij,weidspel,weispel;-1
n_a-520649;a;negative;0.3125;apart,obscuur,onbekend,ongewoon,vreemd;-1
d_v-510;v;negative;0.3125;aanschoppen,aantrappen,afbreken,afgeven,afkammen,afkraken,afzeiken,kraken,neerhalen,veroordelen;-1
d_v-8273;v;positive;0.3125;stalen,sterken,versterken,versterkend;-1
n_a-521734;a;negative;0.3125;onzelfstandig;-1
d_n-39816;n;neutral;0.3125;begrip,denkbeeld,idee;-1
d_v-6905;v;neutral;0.3125;onderschoren,onderschragen,onderstutten,schoren,schragen,steunen,stutten;-1
d_v-8098;v;positive;0.3125;uitbouwen,uitbreiden,vermeerderen;-1
d_v-3795;v;neutral;0.3125;beërven,bekomen,hebben,krijgen,verkrijgen;-1
d_v-8091;v;positive;0.3125;amuseren,diverteren,entertainen,onderhouden,vermaken,verstrooien;-1
d_v-8094;v;positive;0.3125;amuseren,verlustigen,vermaken,vermeien,verstrooien;-1
d_v-1297;v;negative;0.3125;betalen,dokken,lappen,neerleggen,neertellen,offeren,schokken,schuiven,uittellen;-1
n_a-508691;a;positive;0.3125;betekenisvol,expressief,kleurrijk,levendig,sprekend,uitdrukkingsvol;-1
d_v-7105;v;neutral;0.3125;proberen,testen,toetsen,uitproberen,uittesten;-1
d_n-14604;n;positive;0.3125;dop,stempelgeld,steun,uitkering,vervangingsinkomen;-1
n_a-510344;a;positive;0.3125;afdoend,genoeg,genoegzaam,sufficiënt,toereikend,voldoend,voldoende;-1
d_n-35949;n;neutral;0.3125;glasraam,licht,raam,raampje,venster,vensterraam;-1
d_n-36248;n;neutral;0.3125;contact,schakelaar,schakelknop;-1
d_v-2647;v;neutral;0.3125;aanwenden,bezigen,gebruiken,nemen,pakken,toepassen;-1
c_540;a;negative;0.3125;laag,smerig,vuil;-1
d_n-14596;n;positive;0.3125;aas,crack,duivelskunstenaar,expert,grootmeester,kanjer,kei,kraan,raspaardje,topper,uitblinker;-1
n_a-520635;a;negative;0.3125;onbegrijpelijk,onbevattelijk,ondoorgrondelijk,ondoorzichtig,onnaspeurbaar,onnaspeurlijk,onpeilbaar;-1
d_n-36244;n;negative;0.3125;schade;-1
d_v-8413;v;neutral;0.3125;bijeenbrengen,bijeengaren,bijeenkrijgen,lezen,paren,rapen,samenbrengen,verenigen,vergaderen,vergaren,verzamelen;-1
c_239;a;positive;0.3125;intelligent,knap;-1
n_a-511684;a;positive;0.3125;gunstig,voordelig;-1
c_235;a;positive;0.3125;lucide,scherp,scherpzinnig,schrander,spits,spitsvondig;-1
n_a-524142;a;positive;0.3125;luisterrijk,magnifiek,oogstrelend,oogverblindend,prachtig,schitterend,verblindend,wonderschoon;-1
c_339;none;positive;0.625;blijgeestig,blijmoedig,monter,opgeruimd,opgewekt;-1
d_v-2310;v;neutral;0.3125;dopen,indompelen,indopen;-1
d_v-7811;v;negative;0.3125;benevelen,camoufleren,maskeren,verbergen,verbloemen,verdoezelen,verhelen,verhullen,versluieren,wegstoppen;-1
n_a-502847;a;positive;1.0;avontuurlijk;-1
n_a-521011;a;positive;0.3125;ongebonden;-1
c_720;none;negative;0.625;smakeloos;-1
c_724;none;positive;0.3125;verlicht;-1
d_v-3096;v;negative;0.3125;inactiveren;-1
d_v-1205;v;positive;0.3125;beroemen,koketteren,roemen,verheffen,verhovaardigen;-1
n_a-526409;a;positive;0.3125;kalm,rustig;-1
d_n-18658;n;neutral;0.3125;lichaam,organisatie;-1
d_v-2861;v;neutral;0.3125;aanhouden,behouden,bewaren,handhaven;-1
d_n-29581;n;neutral;0.3125;afweging,beweeggrond,beweegreden,considerans,drijfveer,grond,motief,motivatie,overweging,ratio;-1
d_v-2941;v;neutral;0.3125;herdenken,herinneren,memoreren;-1
d_n-14736;n;positive;0.3125;verlichting;-1
d_a-9448;a;negative;0.3125;ongehoorzaam,ongezeglijk;-1
d_v-8737;v;neutral;0.3125;blazen,waaien;-1
d_a-9442;a;positive;0.625;onbetrouwbaar,ondeugdelijk,onsolide;-1
d_n-20100;n;positive;0.3125;haven,schoot,schuilplaats,toevluchtsoord,vluchthaven,vluchtoord,vluchtplaats,wijkplaats;-1
d_a-9441;a;negative;0.3125;ondeskundig,ongekwalificeerd,onoordeelkundig,onvakkundig;-1
d_a-9447;a;negative;0.3125;onbehoorlijk,onbetamelijk,onchristelijk,onfatsoenlijk,ongevoeglijk,onnet,onoirbaar,onoorbaar;-1
d_v-329;v;positive;0.3125;activeren,opwekken,opwinden,prikkelen;-1
d_a-9561;a;negative;0.625;vals;-1
d_a-9560;a;negative;1.0;onscherp,schemerachtig,vaag,wazig;-1
d_a-9565;a;positive;0.3125;safe,veilig;-1
d_a-9566;a;neutral;0.3125;alterabel,flexibel,glijdend,mutabel,onbestendig,variabel,veranderlijk,vlottend,wisselend;-1
c_656;N;positive;0.3125;uitgever;-1
n_a-533834;a;negative;0.3125;apart,curieus,eigenaardig,merkwaardig,raar,typisch,vreemd;-1
d_n-42230;n;neutral;0.3125;land,staat;-1
n_a-521886;a;positive;0.625;algemeen,gemeen,openbaar,publiek;-1
d_a-9255;a;positive;0.3125;achtbaar,achtenswaard,achtenswaardig,eerbiedwaardig,eerwaardig,respectabel,venerabel,waardig;-1
d_a-9254;a;positive;0.3125;eenvoudig,ongecompliceerd,simpel;-1
d_v-6739;v;negative;0.3125;bietsen,dieven,gappen,jatmouzen,jatten,kaaien,kapen,klauwen,ontvreemden,pikken,ratsen,rausjen,schoepen,snaaien,snezen,snuffelen,stelen,weggappen,weghalen;-1
d_a-9251;a;positive;0.3125;echt,heus,waar;-1
d_a-9319;a;neutral;0.3125;geestelijk,gelovig,godsdienstig,religieus;-1
d_v-95;v;positive;0.3125;aankomen,arriveren,binnenkomen,komen;-1
n_a-528398;a;positive;1.0;spannend;-1
d_a-9311;a;positive;0.625;gevoelig,sensibel;-1
c_590;none;negative;0.416666666667;effen;-1
d_n-21450;n;negative;0.3125;bedriegerij,bedrog,beduvelarij,kloterij,misleiding,mystificatie,verlakkerij,verneukerij;-1
d_n-33281;n;positive;0.3125;autoriteit,deskundige,deskundoloog,expert,specialist;-1
d_n-32870;n;neutral;0.3125;boek,boekje,boekwerk;-1
d_v-6462;v;negative;0.3125;slaan,uithalen;-1
d_n-32908;n;positive;0.3125;boom;-1
d_v-7723;v;negative;0.3125;bliksemen,donderen,donderstralen,duvelen,flikkeren,kletteren,kukelen,lazeren,mieteren,neerkletteren,ploffen,sodemieteren,vallen;-1
n_a-509207;a;negative;0.3125;aartslelijk,affreus,afzichtelijk,foeilelijk,inlelijk,monsterlijk,oerlelijk,schuwlelijk,spuuglelijk,wanstaltig;-1
d_v-6398;v;neutral;0.3125;schuiven,verschuiven;-1
d_v-5361;v;negative;0.3125;aanhikken,opkijken,opzien;-1
c_384;none;neutral;0.416666666667;druk;-1
d_v-1661;v;neutral;0.3125;breken,doorbreken;-1
d_n-33831;n;positive;0.3125;gids,leidraad,wegwijzer;-1
d_v-7809;v;positive;0.3125;opkijken,verbazen,verwonderen;-1
c_382;Unknown_pos;positive;0.3125;;-1
c_383;none;neutral;0.416666666667;;-1
d_n-32526;n;neutral;0.3125;apparaat,toestel;-1
n_a-510247;a;negative;0.3125;boosaardig,fieltig,krengerig,kwaadaardig,kwaadwillig,laaghartig,onedel,schofterig,schurkachtig,snood,vuig;-1
d_n-24443;n;neutral;0.3125;figuur,man,mens,persoon;-1
n_a-505147;a;neutral;0.3125;buitengerechtelijk,extrajudicieel;-1
d_v-4260;v;negative;0.3125;floppen,knallen,misgaan,mislopen,mislukken,scheeflopen,stuklopen;-1
d_v-196;v;neutral;0.3125;aanstellen,aanwijzen,benoemen,designeren,maken;-1
d_v-8105;v;negative;0.3125;achteruitlopen,afnemen,minderen,slabakken,teruglopen,verminderen;-1
n_a-526144;a;neutral;0.3125;rood;-1
d_v-5740;v;positive;0.3125;plezieren,verblijden,vergenoegen,verheugen;-1
d_v-5214;v;negative;0.3125;bluffen,grootspreken,ophakken,opscheppen,opsnijden,patsen,pochen,snoeven;-1
d_n-26831;n;negative;0.3125;aberratie,abnormaliteit,afwijking,anomalie,deviatie,ecart;-1
d_v-4168;v;positive;0.3125;delen,meeleven,meevoelen;-1
n_a-527874;a;negative;0.3125;afkeurenswaard,afkeurenswaardig,laakbaar,onfris,verwerpelijk;-1
d_v-3340;v;positive;0.3125;bevruchten,bezielen,elektriseren,inspireren;-1
d_n-33457;n;positive;0.3125;edelman,nobiljon;-1
n_a-528750;a;positive;0.416666666667;spraakzaam;-1
n_a-517263;a;positive;0.3125;engelachtig,lief;-1
d_a-9172;a;positive;0.3125;bedreven,behendig,doorkneed,geverseerd,habiel,knap,routineus,vaardig,vergevorderd;-1
d_a-9171;a;neutral;0.3125;bedekt,bedolven,gedekt;-1
n_a-508241;a;negative;0.3125;beklagenswaardig,belabberd,besodemieterd,deerlijk,deplorabel,ellendig,erbarmelijk,godsjammerlijk,godverlaten,jammerlijk,kommerlijk,kommervol,lamentabel,miserabel,rampspoedig,rampzalig;-1
d_a-9174;a;positive;0.3125;aangelegd,begaafd,begenadigd,getalenteerd,keiig,talentvol;-1
d_a-9175;a;positive;0.3125;begerig,belust,graag,gretig,happig,smachtend;-1
d_v-2688;v;positive;0.3125;beteren,genezen,herstellen;-1
n_a-509660;a;negative;0.3125;gecrispeerd,geïrriteerd,geprikkeld,gramstorig,ibbel,iebel,korzelig,kregel,kregelig,kribbig,kriebelig,kriegel,kriegelig,verstoord,wrevelig;-1
d_a-9178;a;positive;0.3125;belangrijk,gewichtig,groot,important,significant,voornaam,zwaarwegend;-1
d_n-27244;n;negative;0.3125;blunder,domheid,dommigheid,enormiteit,ezelachtigheid,flater,misgreep,miskleun,misser,misslag,stommigheid,stommiteit,stupiditeit,uitglijder,zeperd;-1
c_273;Unknown_pos;negative;0.625;;-1
d_v-2651;v;positive;0.3125;gedijen,prospereren,tieren,welvaren;-1
d_v-2768;v;positive;0.3125;fiatteren,goedkeuren,goedvinden,sanctioneren;-1
d_n-20533;n;positive;0.3125;bepleiter,fakkeldrager,patroon,pleitbezorger,pleiter,strijder,verdediger,voorstander;-1
d_v-8121;v;negative;0.3125;verdelgen,vernietigen,verwoesten;-1
d_v-1404;v;negative;0.3125;beknibbelen,bezuinigen,ombuigen,snoeien;-1
n_a-520693;a;negative;0.3125;onbeschaafd,ongelikt,ongemanierd,onopgevoed,slechtgemanierd;-1
c_644;a;positive;0.3125;aangenaam,aardig,fijn,heerlijk,lekker,leuk,plezant,prettig;-1
c_370;none;positive;0.416666666667;juist,waar;-1
c_373;a;negative;0.3125;licht;-1
d_n-18883;n;neutral;0.3125;plant,plantgewas;-1
d_v-8420;v;positive;0.3125;borgen,garanderen,instaan,verzekeren,waarborgen;-1
c_377;none;positive;0.3125;in vivo;-1
d_n-27684;n;negative;0.3125;diefstal,dieverij,ontvreemding;-1
d_n-35529;n;positive;0.3125;akkoord,convenant,deal;-1
d_v-8993;v;neutral;0.3125;wonen;-1
d_n-34797;n;positive;0.3125;leerling;-1
d_n-40244;n;negative;0.3125;kost,kosten;-1
d_n-35473;n;negative;0.3125;bedoening,bombarie,drukte,gedoe,gedonder,geduvel,heisa,omhaal,omslag,ophef,poeha,poespas,poppenkast,soesa,stampei,stennes,stennis,tamtam;-1
n_a-534209;a;negative;0.3125;chaotisch,ongecoördineerd,ongeorganiseerd,ongeregeld,onordelijk,ordeloos,rommelig,verward,wanordelijk;-1
d_v-7169;v;positive;0.3125;expliciteren,preciseren,toelichten,verdietsen,verduidelijken,verhelderen;-1
d_n-20322;n;neutral;0.3125;conventie,pact,traktaat,verdrag;-1
n_a-534464;a;negative;0.3125;afkerig,balorig,dwars,dwarsdrijverig,dwarsliggerig,onwillig,opstandig,rebels,recalcitrant,refractair,refractoir,tegendraads,weerbarstig,weerspannig,weigerachtig;-1
d_n-20326;n;positive;0.3125;vereniging;-1
n_a-503737;a;positive;0.625;bescheiden,eenvoudig,modest;-1
d_n-38318;n;positive;0.3125;bekendheid,beroemdheid,faam,naam,renommee,reputatie,roep,vermaardheid;-1
d_n-42440;n;positive;0.3125;aanleg,begaafdheid,gave,predispositie,talent;-1
d_v-1122;v;neutral;0.3125;aannemen,aanvaarden,belasten,opnemen,verplichten;-1
n_a-510013;a;neutral;0.3125;gekleurd;-1
d_n-33758;n;positive;0.3125;beminde,geliefde,hartedief,hartediefje,hartelap,hartendief,hartendiefje,hartenlap,hartje,lief,liefste,lieveling,lieverd,lieverdje,schat,schattebout;-1
n_a-512478;a;negative;0.3125;erg,ernstig,fel,hard,heftig,hevig,krachtig,sterk,stevig,zwaar;-1
d_v-7442;v;positive;0.3125;toeleven,uitkijken,uitzien,verheugen;-1
d_v-8469;v;positive;0.3125;vinden;-1
d_n-22531;n;negative;0.3125;geluid;-1
d_v-5544;v;positive;0.3125;overstijgen,overstralen,overtreffen,overvleugelen,uitsteken,uitstijgen,verbeteren,voorbijstreven;-1
d_v-7265;v;positive;0.3125;trekken;-1
d_v-2888;v;negative;0.3125;haten;-1
d_v-7266;v;neutral;0.3125;trekken;-1
d_v-6769;v;positive;0.3125;klimmen,stijgen;-1
d_n-24522;n;positive;0.3125;aardigheid,behagen,gein,genot,jeu,jolijt,leut,leute,lol,lust,plezier,pret,schik,sjeu,vermaak,vrolijkheid,welbehagen;-1
d_n-32717;n;negative;0.3125;barrière,beletsel,bezwaar,drempel,handicap,hindernis,hinderpaal,hobbel,obstakel,rem,struikelblok,struikelsteen,verhindering;-1
n_a-507824;a;positive;0.3125;duur,kostbaar,onvoordelig,prijzig;-1
d_a-9481;a;positive;0.416666666667;bedaagd,oud;-1
d_a-9525;a;neutral;0.3125;eenvoudig,sober;-1
n_a-532723;a;positive;1.0;weldenkend,zinnig,zinrijk;-1
d_a-9527;a;negative;0.3125;depressief,depri,down,droefgeestig,morose,neerslachtig,somber,zwaarmoedig;-1
d_a-9526;a;positive;0.3125;buigbaar,buigzaam,flexibel,smijdig,soepel;-1
d_a-9521;a;negative;0.3125;brommerig,buiig,chagrijnig,gallig,gemelijk,humeurig,knorrig,mopperig,narrig,ongenietbaar,sikkeneurig,slechtgehumeurd,slechtgeluimd,slechtgemutst;-1
d_a-9520;a;negative;0.3125;slechter;-1
d_a-9523;a;negative;0.3125;arglistig,doortrapt,geraffineerd,geslepen,leep,link,listig,slinks,sluw;-1
d_a-9291;a;neutral;0.3125;dezelfde,dito,een,eender,gelijk,hetzelfde,identiek,zelfde;-1
d_v-1332;v;positive;0.3125;affirmeren,bevestigen,confirmeren,constateren;-1
d_a-9297;a;positive;0.3125;gelukkig,happy;-1
d_n-15281;n;neutral;0.3125;zorg;-1
d_a-9327;a;positive;0.3125;heel;-1
d_n-34435;n;positive;0.3125;bagage,kennis;-1
d_a-9357;a;negative;0.625;jong,klein;-1
n_a-532294;a;negative;0.3125;verborgen,verdekt,verholen,verscholen,verstolen;-1
d_a-9326;a;positive;0.3125;cordiaal,gul,hartelijk,ruimhartig,warm,warmhartig;-1
d_a-9198;a;neutral;0.3125;bol,bolrond,bolvormig,convexconcaaf,sferisch;-1
d_v-7863;v;positive;0.3125;verdedigen;-1
d_v-7867;v;neutral;0.3125;verdelen;-1
d_a-9195;a;positive;0.3125;blij,verheugd,vrolijk,zonnig;-1
n_a-515826;a;negative;0.3125;balsturig,bokkig,halsstarrig,hardhoofdig,hardnekkig,hoofdig,inflexibel,koppig,obstinaat,onbuigbaar,onbuigzaam,onverzettelijk,steeg,steegs,stijfhoofdig,stijfkoppig;-1
d_n-11779;n;negative;0.3125;besmetting,infectie;-1
d_n-39359;n;negative;0.3125;absurditeit,dwaasheid,gekheid,gekkenwerk,gekte,idiotie,idiotisme,ineptie,ongerijmdheid,onzin,potsierlijkheid,waanzin,zotheid,zotternij,zottigheid;-1
d_n-35754;n;negative;0.3125;plicht;-1
d_n-26797;n;positive;0.3125;advies,raad,raadgeving;-1
d_a-9417;a;negative;0.3125;eng,nauw,smal;-1
d_a-9416;a;negative;1.0;nat,vochtig;-1
d_v-316;v;negative;0.3125;achteruitgaan,achteruithobbelen,achteruitmarcheren;-1
d_v-4305;v;negative;0.3125;brommen,grommen,klagen,knorren,mopperen;-1
n_a-522067;a;positive;0.3125;frappant,opmerkelijk,opmerkenswaard,opmerkenswaardig,prominent,remarquabel;-1
n_a-516807;a;negative;0.3125;bezwaarlijk,deksels,donders,hinderlijk,lastig,mirakels,ongemakkelijk,sakkers,storend;-1
d_a-9557;a;positive;0.3125;adembenemend,allerbest,beregoed,best,eersteklas,eersterangs,excellent,fraai,ijzersterk,kostelijk,onverbeterlijk,opperbest,patent,piekfijn,prachtig,prima,steengoed,superbe,uitmuntend,uitnemend,uitstekend,voortreffelijk;-1
n_a-510924;a;positive;0.3125;valide,welvarend;-1
d_v-8120;v;negative;0.3125;reneweren,ruïneren,stukmaken,verbouwen,vermassacreren,verminken,vernielen,verrinneweren,verruïneren;-1
d_n-17081;n;positive;0.3125;grootheid;-1
d_a-9226;a;neutral;0.3125;afgesloten,dicht,gesloten,ongeopend;-1
n_a-526330;a;neutral;0.3125;breed,breeddenkend,liberaal,onbekrompen,ruim,ruimdenkend,verlicht;-1
d_n-28277;n;positive;0.3125;bak,gebbetje,geestigheid,grap,joke,koddigheid,mop,plaisanterie,witz;-1
d_v-68;v;positive;0.3125;aanhalen,knuffelen,kroelen;-1
d_a-9223;a;positive;0.3125;deskundig,gekwalificeerd,kwalificeren,onderlegd,oordeelkundig;-1
n_a-516399;a;negative;0.625;kwaadaardig,maligne;-1
d_n-9907;n;neutral;0.3125;abonnement,abonnementskaart;-1
d_v-5437;v;positive;0.3125;bepraten,bewegen,bewerken,meekrijgen,ompraten,omturnen,omverpraten,overhalen,platpraten;-1
d_v-1057;v;positive;0.3125;begunstigen,favoriseren,zegenen;-1
d_a-9633;a;positive;0.3125;ongemengd,onvermengd,puur,rein,zuiver;-1
d_n-39649;n;positive;0.3125;heldenmoed,heldhaftigheid,heroïek,kloekmoedigheid,krijgshaftigheid,leeuwenmoed,manhaftigheid,manmoedigheid,onverschrokkenheid;-1
d_n-10819;n;negative;0.3125;aap,apekop,apenkop,belhamel,bengel,blaag,boef,deugniet,doerak,dondersteen,donderstraal,kapoen,lorejas,nietdeug,ondeugd,rakker,rekel,schavuit,schobbejak,schooier,stouterd,stouterik,vlegel,vlerk;-1
n_a-510235;a;positive;0.3125;gemakkelijk,gladjes,licht,makkelijk,moeiteloos,probleemloos,soepel;-1
d_n-29174;n;negative;0.3125;leek,oningewijde;-1
d_n-37204;n;negative;0.3125;loop,ontwikkelingsgang,verloop;-1
d_n-18221;n;negative;0.3125;controverse,geschil,meningsverschil,onenigheid,ruptuur,strubbeling,strubbelingen,woordenstrijd,woordenwisseling;-1
n_a-512650;a;neutral;0.3125;hol;-1
c_82;a;negative;0.3125;klunzerig,klunzig,onbehendig,onhandig;-1
n_a-534575;a;positive;0.3125;eufonisch,harmonieus,harmonisch,melodieus,welluidend,zoetvloeiend;-1
c_80;none;positive;0.625;gewoon,normaal,regulier;-1
d_n-26809;n;negative;0.3125;afkeer,aversie,degoût,degôut,tegenzin,weerstand,weerzin;-1
n_a-528140;a;positive;0.3125;fluks,gezwind,rad,rap,ras,snel,vlug;-1
d_n-38359;n;positive;0.3125;bescherming,beschutting,protectie;-1
d_n-21664;n;negative;0.3125;bom;-1
d_v-6231;v;positive;0.3125;coöpereren,samendoen,samenwerken;-1
d_n-40659;n;neutral;0.3125;meetapparaat,meetinstrument,meter;-1
n_a-511953;a;positive;0.625;handig,handvaardig;-1
d_n-41139;n;positive;0.3125;concordantie,conformiteit,eendracht,eensgezindheid,eenstemmigheid,enigheid,harmonie,overeenstemming,unanimiteit,uniformiteit;-1
d_v-5934;v;positive;0.3125;billijken,goedpraten,justificeren,justifiëren,rechtigen,rechtvaardigen,verantwoorden,vergoelijken,wettigen;-1
c_573;a;negative;0.3125;dom,droog,duf,eentonig,kleurloos,monotoon,oninteressant,saai,slaapverwekkend,stom,suf,vervelend;-1
c_572;none;negative;0.3125;moeilijk;-1
c_478;none;positive;0.625;seduisant,uitnodigend,verlokkelijk,verlokkend;-1
c_577;none;negative;0.416666666667;krom,verdraaid;-1
c_575;none;negative;0.416666666667;;-1
c_473;none;neutral;1.0;grof;-1
c_579;a;negative;0.3125;dommig,ezelachtig,naïef,oenig,onbenullig,onnozel,schaapachtig,simpel;-1
c_578;none;negative;1.0;dom,onintelligent,stom;-1
d_v-8425;v;negative;0.3125;kanten,keren,opkomen,roeren,vechten,verweren,verzetten,weren;-1
d_n-38696;n;positive;0.3125;aanminnigheid,aanvalligheid,bekoorlijkheid,bekoring,beminnelijkheid,charme,lieftalligheid;-1
n_a-521553;a;positive;0.625;onvast;-1
d_v-130;v;neutral;0.416666666667;aannemen;-1
n_a-511750;a;negative;0.3125;gehaast,haastig,haastje-repje,jachtig,opgejaagd,schielijk;-1
n_a-521559;a;neutral;0.3125;bestendig,constant,onveranderlijk;-1
d_v-4434;v;positive;0.3125;berusten,neerleggen,resigneren,schikken,stellen,verzoenen;-1
d_n-33798;n;neutral;0.3125;bijslaap,cohabitatie,coïtus,copulatie,gemeenschap,geslachtsdaad,geslachtsgemeenschap,liefdesdaad,lijfsgemeenschap,minnespel,neukpartij,nummertje,wip,wippertje;-1
d_n-39075;n;positive;0.3125;eenheid;-1
d_n-9888;n;negative;0.3125;aanval,attaque;-1
n_a-510497;a;negative;0.3125;gering,laag,luttel,schamel,summier;-1
n_a-503455;a;positive;0.625;bekend,welbekend;-1
d_n-29523;n;negative;0.3125;crimineel,delinquent,misdadiger,onderwereldfiguur;-1
d_v-8940;v;positive;0.3125;aantrekken,werven;-1
d_v-9;v;positive;0.3125;aanbieden,bieden;-1
n_a-535528;a;positive;0.3125;autonoom,onafhankelijk,soeverein,zelfstandig;-1
d_n-13126;n;positive;0.3125;dorado,eldorado,idylle,lusthof,lustoord,mekka,Mekka,paradijs,walhalla;-1
c_712;none;negative;0.625;ruig,ruw,wild,woest;-1
n_a-533937;a;positive;0.3125;devoot,godlievend,godvrezend,godvruchtig,godzalig,pieus,stichtelijk,vroom;-1
d_n-32358;n;positive;0.3125;aanwezigheid,bijzijn,presentie,tegenwoordigheid;-1
d_v-1277;v;positive;0.3125;bestendigen,consolideren,stabiliseren;-1
d_a-9392;a;negative;0.3125;apathisch,beroerd,druilerig,energieloos,futloos,hangerig,lamlendig,lamzalig,landerig,lethargisch,lusteloos,pitloos,verveeld,zakkerig,zakkig;-1
n_a-527945;a;positive;0.3125;bekeken,clever,gis,kien,pienter,slim,snugger;-1
n_a-509996;a;positive;0.3125;bezeten,dol,geil,gek,stapel,tuk,verkikkerd,verslingerd,verzot,wild;-1
d_v-1173;v;negative;0.3125;begrenzen,beperken,beperkend,indammen,inkrimpen,inperken,limiteren,terugdringen;-1
d_v-2977;v;positive;0.3125;herstellen;-1
d_v-2975;v;positive;0.3125;herstellen,maken,redresseren,repareren;-1
d_n-20698;n;positive;0.3125;wet;-1
d_v-2979;v;positive;0.3125;herstellen;-1
n_a-506859;a;neutral;0.416666666667;diep;-1
n_a-519741;a;positive;0.3125;deemoedig,nederig,ootmoedig;-1
d_v-851;v;negative;0.3125;aderlaten,afzetten,bezwendelen,flessen,kaalplukken,pluimen,plukken,scheren,snijden,tillen,uitkleden;-1
n_a-518422;a;negative;0.3125;bikkelhard,genadeloos,keihard,meedogenloos,onbarmhartig,ongenadig,onmeedogend;-1
d_v-8724;v;positive;0.3125;vrijlaten;-1
d_a-9458;a;neutral;0.3125;atactisch,incidenteel,intercurrent,irregulier,ongelijk,ongeregeld,onregelmatig;-1
c_145;none;negative;1.0;onaanzienlijk;-1
d_a-9454;a;negative;0.3125;dilettanterig,klungelig,knoeierig,knullig,krukkig,links,onbeholpen,onhandig,schlemielig,stoethaspelig,stumperig,stuntelig,sukkelig;-1
d_a-9457;a;negative;0.3125;inaccuraat,inexact,onnauwkeurig;-1
n_a-521177;a;positive;1.0;ongevaarlijk;-1
d_n-18617;n;negative;0.3125;last,opdracht;-1
d_a-9453;a;negative;0.625;ongezond;-1
d_n-39419;n;negative;0.3125;dreiging,gevaar,onraad,perikel;-1
d_a-9514;a;negative;0.3125;godgeklaagd,infaam,scandaleus,schandaleus,schandalig,schandelijk,schromelijk,verfoeilijk;-1
n_a-532002;a;positive;0.625;professioneel,vakbekwaam,vakkundig;-1
d_a-9516;a;positive;0.625;uitgekiend;-1
d_n-25713;n;positive;0.3125;inwilliging,permissie,toestemming,verlof;-1
n_a-527852;a;negative;0.3125;halfzacht,karakterloos,slap,soft,week,zwak;-1
n_a-527850;a;positive;0.625;slap;-1
d_n-26020;n;negative;0.3125;oppositie,protest,tegenstand,verzet,weerstand,weerwerk;-1
d_a-9262;a;positive;0.3125;begeesterd,enthousiast,geestdriftig;-1
d_a-9263;a;negative;0.416666666667;ernstig,serieus;-1
d_a-9518;a;positive;0.3125;fris,helder,hygiënisch,proper,rein,schoon,zindelijk;-1
n_a-532364;a;positive;0.3125;fijn,gecultiveerd,geraffineerd,gesofistikeerd,precieus,sophisticated,verfijnd;-1
c_664;none;negative;1.0;akelig,zuur;-1
n_a-508843;a;positive;0.3125;betamelijk,christelijk,fatsoenlijk,gevoeglijk,net,netjes,oorbaar,ordentelijk,treffelijk;-1
d_v-5056;v;neutral;0.3125;abandonneren,loslaten,opgeven,prijsgeven,verlaten;-1
d_a-9306;a;positive;0.3125;aangewezen,adequaat,geëigend,geschikt,juist;-1
n_a-502386;a;neutral;0.3125;afzonderlijk,alleenstaand,apart,gescheiden,los,onafhankelijk,separaat;-1
d_v-4901;v;positive;0.3125;ontplooien,ontwikkelen,rijpen;-1
d_v-5374;v;positive;0.3125;organiseren;-1
d_v-6471;v;positive;0.625;gaan,gelukken,lukken,slagen;-1
n_a-510820;a;positive;0.3125;crimineel,denderend,dolletjes,eindeloos,fabelachtig,fabuleus,fameus,fenomenaal,formidabel,grandioos,jofel,knal,loeigoed,luizig,mieters,moorddadig,onwijs,puntgaaf,reusachtig,reuze,reuze-,ruig,subliem,super,super-de-luxe,supersonisch,tof,uniek,wijs,wreed,zeldzaam;-1
d_v-7885;v;negative;0.3125;verbeuzelen,verdoen,verklungelen,verknoeien,verliezen,verluieren,verlummelen,vertreuzelen;-1
d_v-8591;v;negative;0.3125;optreden,rijzen,voordoen,voorkomen,voorvallen;-1
n_a-520619;a;neutral;0.625;onbedekt;-1
d_n-29136;n;positive;0.3125;lamp,licht,lichtje;-1
n_a-534877;a;positive;0.416666666667;wild;-1
d_n-32432;n;negative;0.3125;afscheiding,kreng,secretie;-1
d_n-39093;n;negative;0.3125;dood,eind,einde,end;-1
d_a-9426;a;positive;0.625;nuchter;-1
n_a-521186;a;negative;0.416666666667;gevoelloos,ongevoelig;-1
n_a-521187;a;negative;0.3125;dikhuidig,emotieloos,gevoelloos,gevoelsarm,harteloos,liefdeloos,onaandoenlijk,steenkoud,verhard,versteend;-1
d_n-33361;n;negative;0.3125;dood,heengaan,overlijden,verscheiden;-1
d_n-19992;n;neutral;0.3125;tarief;-1
d_n-16621;n;neutral;0.3125;effect,naspel,nawerking,uitwerking;-1
d_v-6032;v;neutral;0.3125;karren,omrijden,rijden;-1
d_n-42858;n;negative;0.3125;kwetsuur,laesie,letsel,trauma,verwonding;-1
n_a-533318;a;positive;0.416666666667;vlot;-1
n_a-503633;a;positive;0.3125;bereid,genegen;-1
d_v-1829;v;neutral;0.3125;checken,controleren,nagaan,nakijken,nalopen,natrekken,nazien;-1
d_n-33583;n;positive;0.3125;conveniëntie,fatsoen,fatsoenlijkheid,gevoeglijkheid,netheid,ordentelijkheid,welvoeglijkheid;-1
d_n-20009;n;negative;0.3125;antagonist,anti,opponent,tegenstander,tegenstrever;-1
d_n-33586;n;positive;0.3125;feest;-1
n_a-533706;a;neutral;0.3125;aanhoudend,gedurig,onophoudelijk,permanent,voortdurend;-1
c_536;none;positive;0.3125;dun,mager;-1
c_534;none;negative;1.0;flauw;-1
d_a-9161;a;negative;0.3125;arm,armlastig,armoedig,behoeftig,bezitloos,minvermogend,onbemiddeld,onvermogend;-1
c_532;a;negative;0.3125;onzedelijk,vies,vunzig;-1
n_a-521622;a;negative;1.0;onverstandig,onwijs,zot;-1
d_a-9604;a;negative;0.3125;ba,onrein,smerig,vies,vuil;-1
d_n-38847;n;neutral;0.3125;dans,dansje;-1
d_a-9169;a;negative;0.3125;bangelijk,bangig,schijterig,schrikachtig,schrikkerig,vreesachtig;-1
d_a-9168;a;negative;0.3125;angstig,bang,beangst,beducht,benauwd,bevreesd,blo,blode;-1
n_a-521220;a;negative;0.625;lelijk,ongunstig,onvoordelig;-1
d_n-14480;n;neutral;0.3125;bedoening,situatie,toestand;-1
n_a-522041;a;negative;0.3125;blufferig,dikdoenerig,grootsprakerig,grootsprakig,opschepperig,opsnijderig,pocherig,praalziek;-1
n_a-534604;a;positive;0.3125;coulant,genegen,gesteld,goedgezind,goedgunstig,goedwillend,tegemoetkomend,toegenegen,toeschietelijk,welgezind,welwillend;-1
d_v-8055;v;positive;0.3125;noden,uitnodigen,verleiden,verlokken;-1
d_n-37209;n;neutral;0.3125;capaciteit,vermogen;-1
n_a-525902;a;negative;0.416666666667;rimpelloos,strak;-1
c_369;none;positive;0.416666666667;realistisch;-1
d_v-270;v;negative;0.3125;aarzelen,weifelen;-1
d_n-25929;n;negative;0.3125;inhibitie,interdictie,verbod;-1
d_v-1486;v;negative;0.3125;bijten,happen;-1
d_v-6385;v;negative;0.3125;buffelen,bunkeren,metselen,schrokken,slokken,zwelgen;-1
d_n-25954;n;neutral;0.3125;verhoging;-1
d_n-16921;n;positive;0.3125;gemeenschap;-1
n_a-517089;a;positive;0.3125;dol,grappig,leuk;-1
d_v-6397;v;neutral;0.3125;schuiven;-1
d_n-29837;n;negative;0.3125;krijg,oorlog;-1
d_n-19425;n;neutral;0.3125;diagram,schema;-1
d_n-40461;n;positive;0.3125;licht;-1
n_a-508027;a;positive;0.3125;eerlijk,oprecht,rechtdoorzee,rondborstig,straight,trouwhartig,waarheidlievend;-1
d_v-7980;v;neutral;0.3125;verhogen;-1
c_400;none;positive;0.625;;-1
n_a-522421;a;positive;0.3125;abondant,abundant,overvloedig,plenty,rijk,rijkelijk;-1
d_v-1130;v;negative;0.3125;belemmeren,bemoeilijken,impediëren,remmen,stuiten;-1
d_n-28145;n;negative;0.3125;geluid,geluidje;-1
d_n-34945;n;positive;0.3125;apathie,futloosheid,indolentie,lamlendigheid,landerigheid,lusteloosheid,matheid;-1
d_n-28141;n;positive;0.3125;gelijkheid;-1
d_v-4793;v;negative;0.3125;miskennen,ontkennen,ontveinzen;-1
n_a-513568;a;positive;0.3125;imposant,impressief,indrukwekkend,ontzagwekkend,respectabel;-1
d_n-37028;n;positive;0.3125;foef,foefje,handigheid,kneep,kunst-en-vliegwerk,kunstgreep,kunstje,list,maniertje,slimmigheid,slimmigheidje,toer,tour,trick,truc;-1
d_v-3357;v;positive;0.3125;aansluiten,accorderen,bijvallen,instemmen,onderschrijven,ondersteunen,schragen;-1
n_a-521675;a;negative;0.3125;onaardig,ongeschikt,onsympathiek,onvriendelijk;-1
d_v-3548;v;negative;0.3125;begeven,bezwijken,kapotgaan,stukgaan;-1
d_v-6757;v;negative;0.3125;creperen,expireren,heengaan,inslapen,insluimeren,kapotgaan,ontslapen,overlijden,peigeren,sterven,verrekken,verscheiden,versmachten;-1
n_a-521149;a;negative;0.3125;inadequaat,ongeschikt;-1
n_r-535423;r;negative;0.3125;allemachtig,beestachtig,bijzonder,bliksems,bloedig,bovenmate,buitengewoon,buitenmate,buitensporig,crimineel,deerlijk,deksels,donders,drommels,eindeloos,enorm,erbarmelijk,fabelachtig,fantastisch,formidabel,geweldig,goddeloos,godsjammerlijk,grenzeloos,grotelijks,heel,ijselijk,ijzig,intens,krankzinnig,machtig,mirakels,monsterachtig,moorddadig,oneindig,onnoemelijk,ontiegelijk,ontstellend,ontzaglijk,ontzettend,onuitsprekelijk,onvoorstelbaar,onwezenlijk,onwijs,overweldigend,peilloos,reusachtig,reuze,schrikkelijk,sterk,uiterst,verdomd,verdraaid,verduiveld,verduveld,verrekt,verrot,verschrikkelijk,vervloekt,vreselijk,waanzinnig,zeer,zeldzaam,zwaar;-1
d_n-39512;n;positive;0.3125;bevalligheid,elegance,élégance,elegantie,gratie,sierlijkheid,zwier;-1
d_a-9495;a;negative;0.3125;cryptisch,diffuus,duister,enigmatisch,geheimzinnig,mysterieus,mystiek,mystiekerig,raadselachtig,schimmig,sfinxachtig;-1
d_v-7219;v;neutral;0.3125;tonen;-1
n_a-534469;a;negative;0.3125;afschuwwekkend,afstotelijk,afstotend,degoutant,degoûtant,detestabel,misselijkmakend,onsmakelijk,stuitend,walgelijk,walglijk,weerzinwekkend,ziekmakend;-1
d_v-7184;v;negative;0.3125;aanblaffen,sissen,toebijten,toeblaffen,toesmijten,toesnauwen,toevoegen;-1
n_a-510721;a;positive;0.416666666667;aromatisch,geurig,lekker,welriekend;-1
n_a-510726;a;negative;0.3125;gevaarlijk,gevaarvol,link,onveilig,periculeus;-1
c_548;none;positive;0.625;taai,volhardend;-1
d_n-39125;n;positive;0.3125;begeestering,elan,enthousiasme,geestdrift,gloed,ijver,levendigheid,vuur;-1
n_a-501908;a;negative;0.3125;abnormaal,atypisch,deviant;-1
n_a-517706;a;positive;0.625;lichtvoetig,luchthartig,luchtig;-1
d_n-13012;n;positive;0.3125;hernieuwing,opbloei,opleving,oprisping,regeneratie,renaissance,revival,wedergeboorte,wederopbloei;-1
d_v-1345;v;positive;0.3125;bevorderen,bijdragen,stimuleren;-1
n_a-518925;a;negative;0.3125;denigrerend,geringschattend,honend,laatdunkend,minachtend,pejoratief,schamper,smalend;-1
d_a-9348;a;negative;0.3125;complex,gecompliceerd,geleerd,ingewikkeld;-1
d_v-1342;v;positive;0.3125;bevoordelen,matsen;-1
n_a-525383;a;neutral;0.3125;regelmatig;-1
n_a-525249;a;positive;0.3125;eerlijk,rechtvaardig;-1
d_a-9342;a;negative;0.3125;amoreel,immoreel,onethisch,onzedelijk,onzuiver,verderven,verdorven,verziekt,voos,ziek;-1
d_n-31452;n;negative;0.3125;uiting;-1
d_v-7916;v;positive;0.3125;vereenvoudigen,vergemakkelijken,versimpelen;-1
d_a-9188;a;positive;0.3125;apart,bijzonder,buitengemeen,buitengewoon,extraordinair,extra-ordinair,onalledaags,ongemeen,ongewoon,speciaal;-1
d_v-7912;v;neutral;0.3125;eclipseren,verdwijnen,verzwinden,weggaan,wijken;-1
n_a-513314;a;negative;0.416666666667;ijdel,pronkziek,pronkzuchtig;-1
d_a-9183;a;positive;0.3125;beter,superieur;-1
d_n-42046;n;neutral;0.3125;slak;-1
n_a-519533;a;negative;0.416666666667;anoniem,naamloos;-1
n_a-531701;a;negative;0.3125;afgebrand,afgedraaid,afgemat,afgepeigerd,bekaf,doodmoe,doodop,doodvermoeid,gebroken,geradbraakt,hondsmoe,kapot,knock-out,leeg,op,opgebrand,pompaf,total loss,uitgeblust,uitgekakt,uitgepoept,uitgeput,uitgescheten,uitgeteld;-1
d_n-27968;n;positive;0.3125;feest,party;-1
d_n-21270;n;negative;0.3125;angst,angstgevoel,bangheid,beklemming,benauwdheid,schrik,vrees;-1
d_v-6109;v;neutral;0.3125;cirkelen,ronddraaien,rondwentelen,roteren,wentelen;-1
d_a-9236;a;negative;0.3125;dood,kassiewijlen,levenloos,ontslapen,ontzield,overleden,wijlen,zaliger,zielloos;-1
d_n-14755;n;positive;0.3125;aankleding,decoratie,paruur,siersel,verfraaiing,versiering;-1
n_a-516764;a;negative;0.625;langzaam,traag;-1
d_n-13512;n;neutral;0.3125;rapport;-1
d_a-9462;a;positive;0.625;aangedaan,bewogen,geëmotioneerd,geraakt,geroerd,getroffen;-1
n_a-511207;a;negative;0.3125;goedkoop,laaggeprijsd,voordelig;-1
d_a-9540;a;negative;0.3125;duf,suf,sufferig,suffig,verdoofd,versuft,wazig;-1
n_a-517704;a;positive;0.625;luchtig;-1
n_a-532034;a;negative;0.3125;dubbelhartig,gluiperig,vals,valshartig;-1
n_a-503563;a;positive;0.3125;bemoedigend,hartsterkend,hartversterkend,hoopgevend,hoopvol,opbeurend,opwekkend,troostend,troostrijk;-1
d_a-9231;a;negative;0.3125;buikig,corpulent,dik,gezet,lijvig,vet,zwaarlijvig;-1
n_a-529332;a;negative;0.3125;afgemeten,afgepast,formeel,onpersoonlijk,opgeprikt,stijf,stijfjes,vormelijk;-1
d_a-9235;a;negative;0.3125;donker,duister;-1
n_a-529441;a;negative;0.416666666667;apezat,ladderzat,lam,laveloos,smoordronken,stomdronken,straalbezopen,strontzat,toeter,toeterzat;-1
d_n-10315;n;positive;0.3125;bezit,boeltje,have,possessie,propriëteit;-1
n_a-534096;a;positive;0.3125;accuraat,natuurgetrouw,ongelogen,waarheidsgetrouw;-1
d_n-31770;n;neutral;0.3125;ding,voorwerp;-1
c_525;none;neutral;0.625;plat;-1
